     1                                  ; =============================================================================
     2                                  ; ForeB - Forest Bootloader  Stage 2
     3                                  ; stage2.asm - Extended loader: A20, E820, VBE mode select, boot menu, disk
     4                                  ;              load of stage3 + kernel, multiboot1 info build, PM handoff.
     5                                  ; =============================================================================
     6                                  ; Build:
     7                                  ;   nasm -f bin -o stage2.bin stage2.asm
     8                                  ;
     9                                  ; Maximum size: STAGE2_SECTOR_COUNT * 512 = 8192 bytes (16 sectors).
    10                                  ; Loaded at physical address 0x8000 (segment 0x0800, offset 0x0000).
    11                                  ; Stage 1 verifies word at [0x8002] == 0xFEB1 then far-jumps to 0x0800:0x0000.
    12                                  ;
    13                                  ; Segment convention throughout stage2:
    14                                  ;   DS = 0x0800  (stage2 code/data: screen_*, strings, font, GUI state)
    15                                  ;   ES = 0x0000  (low memory: boot_info, mmap, multiboot_info, VBE info, DAP)
    16                                  ; Functions that need DS=0 (E820, CPUID, multiboot build) switch DS temporarily.
    17                                  ;
    18                                  ; Stage 2 responsibilities:
    19                                  ;   1. Enable A20 (fast A20 + keyboard controller + BIOS fallbacks)
    20                                  ;   2. Initialize foreboots_boot_info struct at BOOT_INFO_ADDRESS
    21                                  ;   3. Detect CPUID / PAE / long-mode capability
    22                                  ;   4. Collect E820 memory map (up to 32 entries)
    23                                  ;   5. Select an 8bpp VBE mode for the GUI menu (fallback to text)
    24                                  ;   6. Load stage3 + kernel ELF (+ optional initrd) from disk via INT 13h
    25                                  ;      LBA extensions (AH=42h) with CHS (AH=02h) fallback
    26                                  ;   7. Present boot menu (VBE graphical or text) with timeout + arrow keys
    27                                  ;   8. On selection: re-select the kernel framebuffer mode (32bpp chain) or
    28                                  ;      text mode, set cmdline / no-framebuffer / safe-mode flags, reboot
    29                                  ;   9. Build a standard multiboot_info_t at MULTIBOOT_INFO_ADDR (GRUB-compat)
    30                                  ;  10. Switch to 32-bit protected mode and jump to stage3 (ELF loader)
    31                                  ;
    32                                  ; The kernel is an ELF linked at 0x100000, entered in 32-bit PM with
    33                                  ; EAX=0x2BADB002, EBX=&multiboot_info_t (exactly as GRUB does it). stage3
    34                                  ; parses the ELF, copies PT_LOAD segments, and performs that handoff.
    35                                  ; =============================================================================
    36                                  
    37                                  [BITS 16]
    38                                  [ORG 0x0000]                    ; We run at 0x0800:0x0000 (physical 0x8000)
    39                                  
    40                                  %include "config.h"
     1                              <1> ; =============================================================================
     2                              <1> ; ForeB - Forest Bootloader
     3                              <1> ; config.h (NASM include) - Boot Configuration Constants & Struct Layouts
     4                              <1> ; =============================================================================
     5                              <1> ; Included by stage1.asm, stage2.asm, stage3.asm via %include.
     6                              <1> ;
     7                              <1> ; Every tunable below is wrapped in %ifndef so the main build can override it
     8                              <1> ; on the NASM command line with -D, e.g.:
     9                              <1> ;     nasm -f bin -DFOREBO_DEFAULT_WIDTH=1280 -DFOREBO_DEFAULT_HEIGHT=720 ...
    10                              <1> ;
    11                              <1> ; All addresses are PHYSICAL (real-mode / flat PM) unless noted.
    12                              <1> ; =============================================================================
    13                              <1> 
    14                              <1> %ifndef FOREB_CONFIG_H
    15                              <1> %define FOREB_CONFIG_H
    16                              <1> 
    17                              <1> ; -----------------------------------------------------------------------------
    18                              <1> ; ForeB version
    19                              <1> ; -----------------------------------------------------------------------------
    20                              <1> %ifndef FOREB_VERSION_MAJOR
    21                              <1> %define FOREB_VERSION_MAJOR    2
    22                              <1> %endif
    23                              <1> %ifndef FOREB_VERSION_MINOR
    24                              <1> %define FOREB_VERSION_MINOR    0
    25                              <1> %endif
    26                              <1> 
    27                              <1> ; -----------------------------------------------------------------------------
    28                              <1> ; Disk Layout (LBA sectors, 512 bytes each)
    29                              <1> ; -----------------------------------------------------------------------------
    30                              <1> ;   Sector  0          : Stage 1 (MBR, 512 bytes + partition table + 0xAA55)
    31                              <1> ;   Sectors 1..16      : Stage 2  (16 sectors = 8192 bytes, real-mode GUI/BIOS)
    32                              <1> ;   Sectors 17..32     : Stage 3  (16 sectors = 8192 bytes, PM/long-mode trampoline)
    33                              <1> ;   Sector  48+        : Kernel ELF image (raw file, parsed by stage3)
    34                              <1> ;   Sector  (48+K)..   : Optional initrd (if FOREB_INITRD_START_SECTOR != 0)
    35                              <1> %ifndef STAGE2_START_SECTOR
    36                              <1> %define STAGE2_START_SECTOR    1
    37                              <1> %endif
    38                              <1> %ifndef STAGE2_SECTOR_COUNT
    39                              <1> %define STAGE2_SECTOR_COUNT    16
    40                              <1> %endif
    41                              <1> %ifndef STAGE2_LOAD_SEG
    42                              <1> %define STAGE2_LOAD_SEG        0x0800      ; physical 0x8000
    43                              <1> %endif
    44                              <1> %ifndef STAGE2_LOAD_OFF
    45                              <1> %define STAGE2_LOAD_OFF        0x0000
    46                              <1> %endif
    47                              <1> 
    48                              <1> %ifndef STAGE3_START_SECTOR
    49                              <1> %define STAGE3_START_SECTOR    17
    50                              <1> %endif
    51                              <1> %ifndef STAGE3_SECTOR_COUNT
    52                              <1> %define STAGE3_SECTOR_COUNT    16
    53                              <1> %endif
    54                              <1> %ifndef STAGE3_LOAD_SEG
    55                              <1> %define STAGE3_LOAD_SEG        0x0500      ; physical 0x5000
    56                              <1> %endif
    57                              <1> %ifndef STAGE3_LOAD_OFF
    58                              <1> %define STAGE3_LOAD_OFF        0x0000
    59                              <1> %endif
    60                              <1> %define STAGE3_LOAD_PHYS       (STAGE3_LOAD_SEG * 16 + STAGE3_LOAD_OFF)
    61                              <1> 
    62                              <1> %ifndef KERNEL_START_SECTOR
    63                              <1> %define KERNEL_START_SECTOR    48
    64                              <1> %endif
    65                              <1> %ifndef KERNEL_LOAD_SEG
    66                              <1> %define KERNEL_LOAD_SEG        0x1000      ; physical 0x10000 (ELF file buffer)
    67                              <1> %endif
    68                              <1> %ifndef KERNEL_LOAD_OFF
    69                              <1> %define KERNEL_LOAD_OFF        0x0000
    70                              <1> %endif
    71                              <1> %define KERNEL_LOAD_PHYS       (KERNEL_LOAD_SEG * 16 + KERNEL_LOAD_OFF)
    72                              <1> %ifndef KERNEL_MAX_SECTORS
    73                              <1> %define KERNEL_MAX_SECTORS     512         ; (legacy) old whole-file load cap
    74                              <1> %endif
    75                              <1> %ifndef KERNEL_MAX_BYTES
    76                              <1> %define KERNEL_MAX_BYTES       (KERNEL_MAX_SECTORS * 512)
    77                              <1> %endif
    78                              <1> 
    79                              <1> ; ---------------------------------------------------------------------------
    80                              <1> ; Streaming kernel loader (stage2) — loads arbitrarily large kernels of any
    81                              <1> ; size directly to each PT_LOAD segment's physical address, GRUB-style, with
    82                              <1> ; no whole-file buffer. BIOS INT 13h can only DMA to real-mode-addressable
    83                              <1> ; low memory (<1 MiB), so segments are read into a low bounce buffer and then
    84                              <1> ; copied up to their (possibly >1 MiB) destinations via unreal mode (FS flat).
    85                              <1> ;
    86                              <1> ;   KERNEL_HDR_BUF      : low buffer holding the ELF header + program headers
    87                              <1> ;   KERNEL_HDR_SECTORS  : how many leading kernel sectors to slurp for headers
    88                              <1> ;   KERNEL_BOUNCE_BUF   : low buffer that each segment is streamed through
    89                              <1> ;   KERNEL_BOUNCE_SECTORS: sectors per INT 13h chunk (<=63 for a single call)
    90                              <1> ; Both buffers live in free conventional RAM (0x10000..0x27FFF, below 640 KiB)
    91                              <1> ; and never overlap stage2 (0x8000) / stage3 (0x5000) / boot_info (0x1000).
    92                              <1> ; ---------------------------------------------------------------------------
    93                              <1> %ifndef KERNEL_HDR_BUF
    94                              <1> %define KERNEL_HDR_BUF         0x00010000
    95                              <1> %endif
    96                              <1> %ifndef KERNEL_HDR_SECTORS
    97                              <1> %define KERNEL_HDR_SECTORS     32          ; 16 KiB of ELF header + phdr table
    98                              <1> %endif
    99                              <1> %ifndef KERNEL_BOUNCE_BUF
   100                              <1> %define KERNEL_BOUNCE_BUF      0x00020000
   101                              <1> %endif
   102                              <1> %ifndef KERNEL_BOUNCE_SECTORS
   103                              <1> %define KERNEL_BOUNCE_SECTORS  63          ; 31.5 KiB per disk read
   104                              <1> %endif
   105                              <1> 
   106                              <1> ; Optional initrd. Set to 0 to disable. If non-zero, stage2 loads it to
   107                              <1> ; INITRD_LOAD_PHYS and stage3 registers it as multiboot module 0.
   108                              <1> %ifndef FOREB_INITRD_START_SECTOR
   109                              <1> %define FOREB_INITRD_START_SECTOR 0
   110                              <1> %endif
   111                              <1> %ifndef INITRD_LOAD_SEG
   112                              <1> %define INITRD_LOAD_SEG        0x4000      ; physical 0x40000
   113                              <1> %endif
   114                              <1> %ifndef INITRD_LOAD_OFF
   115                              <1> %define INITRD_LOAD_OFF        0x0000
   116                              <1> %endif
   117                              <1> %define INITRD_LOAD_PHYS       (INITRD_LOAD_SEG * 16 + INITRD_LOAD_OFF)
   118                              <1> %ifndef INITRD_MAX_SECTORS
   119                              <1> %define INITRD_MAX_SECTORS     512
   120                              <1> %endif
   121                              <1> 
   122                              <1> ; GRUB chain-load sector (legacy fallback, 0 = disabled)
   123                              <1> %ifndef GRUB_CHAINLOAD_SECTOR
   124                              <1> %define GRUB_CHAINLOAD_SECTOR  0
   125                              <1> %endif
   126                              <1> 
   127                              <1> ; -----------------------------------------------------------------------------
   128                              <1> ; Boot menu tunables
   129                              <1> ; -----------------------------------------------------------------------------
   130                              <1> %ifndef FOREB_DEFAULT_TIMEOUT
   131                              <1> %define FOREB_DEFAULT_TIMEOUT  5           ; seconds before auto-boot
   132                              <1> %endif
   133                              <1> %ifndef FOREB_DEFAULT_ENTRY
   134                              <1> %define FOREB_DEFAULT_ENTRY    0           ; 0-based default selection
   135                              <1> %endif
   136                              <1> 
   137                              <1> ; Boot menu entries (indices)
   138                              <1> %define ENTRY_DEFAULT          0           ; Forest OS (default, best VBE)
   139                              <1> %define ENTRY_NOFB             1           ; Forest OS (text mode, no framebuffer)
   140                              <1> %define ENTRY_SAFE             2           ; Forest OS (safe mode)
   141                              <1> %define ENTRY_REBOOT           3           ; Reboot
   142                              <1> %define BOOT_ENTRY_COUNT       4
   143                              <1> 
   144                              <1> ; -----------------------------------------------------------------------------
   145                              <1> ; VBE / video tunables
   146                              <1> ; -----------------------------------------------------------------------------
   147                              <1> ; Preferred mode. stage2 enumerates all VBE modes and picks the best match for
   148                              <1> ; (FOREB_DEFAULT_WIDTH x FOREB_DEFAULT_HEIGHT x FOREB_DEFAULT_BPP), then walks
   149                              <1> ; the fallback chain below if unavailable, finally falling back to text 03h.
   150                              <1> %ifndef FOREB_DEFAULT_WIDTH
   151                              <1> %define FOREB_DEFAULT_WIDTH    1920
   152                              <1> %endif
   153                              <1> %ifndef FOREB_DEFAULT_HEIGHT
   154                              <1> %define FOREB_DEFAULT_HEIGHT   1080
   155                              <1> %endif
   156                              <1> %ifndef FOREB_DEFAULT_BPP
   157                              <1> %define FOREB_DEFAULT_BPP      32
   158                              <1> %endif
   159                              <1> 
   160                              <1> ; Text mode fallback (VGA INT 10h mode)
   161                              <1> %define VGA_TEXT_MODE          0x0003
   162                              <1> 
   163                              <1> ; Framebuffer-mode fallback chain. stage2 first tries the preferred
   164                              <1> ; FOREB_DEFAULT_* resolution; if the BIOS/VBE cannot provide it, it walks down
   165                              <1> ; to this smaller, near-universal linear mode before finally dropping to text
   166                              <1> ; 03h. These are additive tunables (a %ifndef override lets the build pick a
   167                              <1> ; different fallback); they do not change existing mode-selection logic.
   168                              <1> %ifndef FOREB_FB_FALLBACK_WIDTH
   169                              <1> %define FOREB_FB_FALLBACK_WIDTH   1024
   170                              <1> %endif
   171                              <1> %ifndef FOREB_FB_FALLBACK_HEIGHT
   172                              <1> %define FOREB_FB_FALLBACK_HEIGHT  768
   173                              <1> %endif
   174                              <1> %ifndef FOREB_FB_FALLBACK_BPP
   175                              <1> %define FOREB_FB_FALLBACK_BPP     32
   176                              <1> %endif
   177                              <1> ; Last-resort linear mode before text: 640x480, allowed BPP floor.
   178                              <1> %ifndef FOREB_FB_MIN_WIDTH
   179                              <1> %define FOREB_FB_MIN_WIDTH        640
   180                              <1> %endif
   181                              <1> %ifndef FOREB_FB_MIN_HEIGHT
   182                              <1> %define FOREB_FB_MIN_HEIGHT       480
   183                              <1> %endif
   184                              <1> %ifndef FOREB_FB_MIN_BPP
   185                              <1> %define FOREB_FB_MIN_BPP          16
   186                              <1> %endif
   187                              <1> 
   188                              <1> ; -----------------------------------------------------------------------------
   189                              <1> ; Serial debug (COM1) - proof-of-progress banners on the BIOS boot path
   190                              <1> ; -----------------------------------------------------------------------------
   191                              <1> ; When FOREB_SERIAL_DEBUG is non-zero, stage2/stage3 emit a short banner over
   192                              <1> ; COM1 (8N1) so `qemu ... -serial stdio` shows the loader is making progress.
   193                              <1> ; Default ON; override with -DFOREB_SERIAL_DEBUG=0 to silence.
   194                              <1> %ifndef FOREB_SERIAL_DEBUG
   195                              <1> %define FOREB_SERIAL_DEBUG     1
   196                              <1> %endif
   197                              <1> %ifndef FOREB_COM1_BASE
   198                              <1> %define FOREB_COM1_BASE        0x3F8       ; COM1 I/O port base
   199                              <1> %endif
   200                              <1> 
   201                              <1> ; -----------------------------------------------------------------------------
   202                              <1> ; Boot info struct address (ForeB's own rich structure)
   203                              <1> ; -----------------------------------------------------------------------------
   204                              <1> %ifndef BOOT_INFO_ADDRESS
   205                              <1> %define BOOT_INFO_ADDRESS      0x00001000  ; foreboots_boot_info
   206                              <1> %endif
   207                              <1> %ifndef FOREB_MMAP_ADDRESS
   208                              <1> %define FOREB_MMAP_ADDRESS     0x00001100  ; foreboots_mmap_entry[FOREB_MMAP_MAX]
   209                              <1> %endif
   210                              <1> %ifndef MB_MMAP_ADDRESS
   211                              <1> %define MB_MMAP_ADDRESS        0x00001400  ; multiboot1 mmap entries
   212                              <1> %endif
   213                              <1> %ifndef MULTIBOOT_INFO_ADDR
   214                              <1> %define MULTIBOOT_INFO_ADDR    0x00001800  ; multiboot_info_t (kernel handoff)
   215                              <1> %endif
   216                              <1> %ifndef FOREB_MMAP_MAX
   217                              <1> %define FOREB_MMAP_MAX         32          ; max E820 entries stored
   218                              <1> %endif
   219                              <1> 
   220                              <1> ; E820 scratch buffer (one entry, 32 bytes) for INT 15h E820 calls
   221                              <1> %ifndef E820_SCRATCH
   222                              <1> %define E820_SCRATCH           0x00000520
   223                              <1> %endif
   224                              <1> 
   225                              <1> ; -----------------------------------------------------------------------------
   226                              <1> ; Low-memory buffer layout
   227                              <1> ; -----------------------------------------------------------------------------
   228                              <1> %ifndef DAP_BUF
   229                              <1> %define DAP_BUF                0x00000500  ; Disk Address Packet (16 bytes)
   230                              <1> %endif
   231                              <1> ; LBA base offset for El Torito no-emulation CD boot.  Stage1 fills this
   232                              <1> ; dword with (boot_image_lba * 4) when a valid boot info table is detected,
   233                              <1> ; 0 for hard disk boot.  Stage2's disk_load adds it to every LBA read.
   234                              <1> %ifndef LBA_BASE_OFFSET
   235                              <1> %define LBA_BASE_OFFSET        0x00000510  ; dword: 512-byte sector offset (0=HDD)
   236                              <1> %endif
   237                              <1> ; Raw El Torito boot image LBA (2048-byte sectors) as patched by xorriso into
   238                              <1> ; the boot-info-table.  After stage1's relocation this lives in the stage1
   239                              <1> ; copy at 0x600 (offset 12); stage2's load_kernel probes it as a fallback read
   240                              <1> ; base for firmwares that expose the whole CD as the boot drive instead of the
   241                              <1> ; El Torito boot image.  Zero on hard-disk boot (header unpatched).
   242                              <1> %ifndef CD_BOOT_LBA
   243                              <1> %define CD_BOOT_LBA            0x0000060C
   244                              <1> %endif
   245                              <1> ; El Torito boot info table field offsets (relative to boot image start)
   246                              <1> %define BTI_PVD_LBA            8           ; dword: PVD LBA in 2048-byte sectors
   247                              <1> %define BTI_BOOT_IMAGE_LBA     12          ; dword: boot image LBA (2048-byte)
   248                              <1> %define ISO9660_PVD_LBA        16          ; PVD is always at sector 16
   249                              <1> %ifndef VBEINFO_OFF
   250                              <1> %define VBEINFO_OFF            0x00002000  ; VBE controller info (512 bytes)
   251                              <1> %endif
   252                              <1> %ifndef VBEMODEINFO_OFF
   253                              <1> %define VBEMODEINFO_OFF        0x00002200  ; VBE mode info (256 bytes)
   254                              <1> %endif
   255                              <1> %ifndef PALETTE_BUF
   256                              <1> %define PALETTE_BUF            0x00002400  ; DAC palette (768 bytes)
   257                              <1> %endif
   258                              <1> 
   259                              <1> ; Stack for stage1 (grows down from 0x7C00)
   260                              <1> %ifndef STACK_TOP
   261                              <1> %define STACK_TOP              0x7C00
   262                              <1> %endif
   263                              <1> 
   264                              <1> ; -----------------------------------------------------------------------------
   265                              <1> ; Menu colors (8bpp palette indices; reprogrammed by stage2)
   266                              <1> ; -----------------------------------------------------------------------------
   267                              <1> %define FOREB_BG               16
   268                              <1> %define FOREB_PANEL            17
   269                              <1> %define FOREB_BORDER           18
   270                              <1> %define FOREB_SELECT           19
   271                              <1> %define FOREB_TITLE            20
   272                              <1> %define FOREB_TEXT             21
   273                              <1> %define FOREB_DIM              22
   274                              <1> %define FOREB_TIMER            23
   275                              <1> %define FOREB_WHITE            24
   276                              <1> %define FOREB_SHADOW           25
   277                              <1> %define FOREB_TREE1            26
   278                              <1> %define FOREB_TREE2            27
   279                              <1> %define FOREB_TREE3            28
   280                              <1> 
   281                              <1> ; Text-mode colors (VGA attribute, low nibble fg, high nibble bg)
   282                              <1> %define TEXT_ATTR_GREEN        0x0A
   283                              <1> %define TEXT_ATTR_LGREEN       0x0B
   284                              <1> %define TEXT_ATTR_WHITE        0x0F
   285                              <1> %define TEXT_ATTR_HIGHLIGHT    0x30        ; black on cyan
   286                              <1> 
   287                              <1> ; -----------------------------------------------------------------------------
   288                              <1> ; UI layout (pixels, designed for >= 800x600; clamped at runtime)
   289                              <1> ; -----------------------------------------------------------------------------
   290                              <1> %define MENU_X                 160
   291                              <1> %define MENU_Y                 160
   292                              <1> %define MENU_W                 480
   293                              <1> %define MENU_H                 300
   294                              <1> %define TITLE_X                200
   295                              <1> %define TITLE_Y                60
   296                              <1> %define TIMER_X                340
   297                              <1> %define TIMER_Y                480
   298                              <1> %define ENTRY_Y_START          240
   299                              <1> %define ENTRY_HEIGHT           32
   300                              <1> %define LOGO_X                 340
   301                              <1> %define LOGO_Y                 80
   302                              <1> 
   303                              <1> ; -----------------------------------------------------------------------------
   304                              <1> ; CPU / architecture detection
   305                              <1> ; -----------------------------------------------------------------------------
   306                              <1> ; If non-zero, stage3 will set up long mode itself and jump to a 64-bit entry.
   307                              <1> ; The current Forest OS kernel enters in 32-bit PM and does its own long-mode
   308                              <1> ; transition (see src/boot64.asm), so this defaults to 0 (disabled).
   309                              <1> %ifndef FOREB_FORCE_LONG_MODE
   310                              <1> %define FOREB_FORCE_LONG_MODE  0
   311                              <1> %endif
   312                              <1> 
   313                              <1> ; -----------------------------------------------------------------------------
   314                              <1> ; Magic values
   315                              <1> ; -----------------------------------------------------------------------------
   316                              <1> %define FOREB_BOOT_INFO_MAGIC  0x464F5242  ; "FORB"
   317                              <1> %define FOREB_BOOT_INFO_VER    0x00020000  ; v2.0
   318                              <1> 
   319                              <1> %define MULTIBOOT1_MAGIC       0x2BADB002  ; passed to kernel in EAX
   320                              <1> %define MULTIBOOT1_HEADER_MAGIC 0x1BADB002
   321                              <1> %define MULTIBOOT2_MAGIC       0x36d76289
   322                              <1> 
   323                              <1> ; Multiboot1 info flags
   324                              <1> %define MB_FLAG_MEM            0x00000001
   325                              <1> %define MB_FLAG_BOOT_DEVICE    0x00000002
   326                              <1> %define MB_FLAG_CMDLINE        0x00000004
   327                              <1> %define MB_FLAG_MODS           0x00000008
   328                              <1> %define MB_FLAG_MMAP           0x00000040
   329                              <1> %define MB_FLAG_BOOTLOADER     0x00000200
   330                              <1> %define MB_FLAG_FRAMEBUFFER    0x00001000
   331                              <1> 
   332                              <1> ; E820 memory types
   333                              <1> %define E820_USABLE            1
   334                              <1> %define E820_RESERVED          2
   335                              <1> %define E820_ACPI_RECLAIM      3
   336                              <1> %define E820_ACPI_NVS          4
   337                              <1> %define E820_BAD               5
   338                              <1> 
   339                              <1> ; VBE MemoryModel values
   340                              <1> %define VBE_MODEL_TEXT         0
   341                              <1> %define VBE_MODEL_CGA          1
   342                              <1> %define VBE_MODEL_HERCULES     2
   343                              <1> %define VBE_MODEL_PLANAR       3
   344                              <1> %define VBE_MODEL_PACKED       4
   345                              <1> %define VBE_MODEL_DIRECT       6
   346                              <1> %define VBE_MODEL_YUV          7
   347                              <1> 
   348                              <1> ; VBE ModeAttributes bits
   349                              <1> %define VBE_ATTR_SUPPORTED     0x0001
   350                              <1> %define VBE_ATTR_LFB           0x0080
   351                              <1> %define VBE_ATTR_GRAPHICS      0x0010
   352                              <1> 
   353                              <1> %define BIOS_VBE_LINEAR        0x4000
   354                              <1> 
   355                              <1> ; Keyboard scan codes
   356                              <1> %define KEY_UP                 0x48
   357                              <1> %define KEY_DOWN               0x50
   358                              <1> %define KEY_ENTER              0x1C
   359                              <1> %define KEY_ESCAPE             0x01
   360                              <1> 
   361                              <1> ; =============================================================================
   362                              <1> ; Structure: foreboots_boot_info  (ForeB's rich boot info, at BOOT_INFO_ADDRESS)
   363                              <1> ; Documented C layout in foreboots/README.md. Must stay in sync.
   364                              <1> ; =============================================================================
   365                              <1> struc foreboots_boot_info
   366 00000000 ????????            <1>     .magic              resd 1      ; FOREB_BOOT_INFO_MAGIC ("FORB")
   367 00000004 ????????            <1>     .version            resd 1      ; FOREB_BOOT_INFO_VER
   368 00000008 ????????            <1>     .flags              resd 1      ; FOREB_BIF_* below
   369 0000000C ????????            <1>     .boot_disk          resd 1      ; BIOS boot drive number (DL)
   370 00000010 ????????            <1>     .cmdline            resd 1      ; physical addr of cmdline string
   371 00000014 ????????            <1>     .boot_loader_name   resd 1      ; physical addr of bootloader name string
   372 00000018 ????????            <1>     .mem_lower          resd 1      ; KiB of usable memory below 1 MiB
   373 0000001C ????????            <1>     .mem_upper          resd 1      ; KiB of usable memory above 1 MiB
   374 00000020 ????????            <1>     .mmap_count         resd 1      ; number of valid entries at mmap_addr
   375 00000024 ????????            <1>     .mmap_addr          resd 1      ; physical addr of foreboots_mmap_entry[]
   376                              <1>     ; Framebuffer (filled when flags & FOREB_BIF_FRAMEBUFFER)
   377 00000028 ????????????????    <1>     .framebuffer_addr   resq 1      ; 64-bit physical LFB address (0 if text)
   378 00000030 ????????            <1>     .framebuffer_pitch  resd 1      ; bytes per scanline
   379 00000034 ????????            <1>     .framebuffer_width  resd 1
   380 00000038 ????????            <1>     .framebuffer_height resd 1
   381 0000003C ????????            <1>     .framebuffer_bpp    resd 1
   382 00000040 ????????            <1>     .framebuffer_type   resd 1      ; 0=indexed, 1=RGB, 2=EGA text
   383 00000044 ????                <1>     .vbe_mode           resw 1      ; VBE mode number set (0 if text)
   384 00000046 ????                <1>     .vbe_pad            resw 1
   385                              <1>     ; CPU capability detection
   386 00000048 ????????            <1>     .cpuid_available    resd 1
   387 0000004C ????????            <1>     .long_mode_available resd 1
   388 00000050 ????????            <1>     .pae_available      resd 1
   389                              <1>     ; Kernel image info (filled by stage2, used by stage3)
   390 00000054 ????????            <1>     .kernel_load_addr   resd 1      ; physical addr of raw ELF file buffer
   391 00000058 ????????            <1>     .kernel_size        resd 1      ; bytes loaded
   392 0000005C ????????            <1>     .kernel_entry       resd 1      ; ELF e_entry (physical, set by stage3)
   393 00000060 ????????            <1>     .kernel_is64bit     resd 1      ; 1 if ELF64, 0 if ELF32 (set by stage3)
   394                              <1>     ; Initrd
   395 00000064 ????????            <1>     .initrd_addr        resd 1      ; physical addr (0 if none)
   396 00000068 ????????            <1>     .initrd_size        resd 1
   397                              <1>     ; Selected boot entry index + mode flags
   398 0000006C ????????            <1>     .boot_entry         resd 1      ; ENTRY_* selected in menu
   399 00000070 ????????            <1>     .no_framebuffer     resd 1      ; 1 if text-mode boot requested
   400 00000074 ????????            <1>     .safe_mode          resd 1      ; 1 if safe-mode boot requested
   401                              <1>     ; Reserved for growth
   402 00000078 <res 20h>           <1>     .reserved           resd 8
   403                              <1> endstruc
   404                              <1> 
   405                              <1> ; foreboots_boot_info.flags bits
   406                              <1> %define FOREB_BIF_MMAP         0x00000001
   407                              <1> %define FOREB_BIF_FRAMEBUFFER  0x00000002
   408                              <1> %define FOREB_BIF_CMDLINE      0x00000004
   409                              <1> %define FOREB_BIF_LONG_MODE    0x00000008
   410                              <1> %define FOREB_BIF_CPUID        0x00000010
   411                              <1> %define FOREB_BIF_PAE          0x00000020
   412                              <1> %define FOREB_BIF_INITRD       0x00000040
   413                              <1> %define FOREB_BIF_NO_FB        0x00000080
   414                              <1> %define FOREB_BIF_SAFE         0x00000100
   415                              <1> ; Set by stage2 when it has already streamed every PT_LOAD segment to its
   416                              <1> ; physical address (arbitrary-size kernel loader). stage3 then skips its own
   417                              <1> ; in-memory ELF copy and jumps straight to boot_info.kernel_entry.
   418                              <1> %define FOREB_BIF_KERNEL_PRELOADED 0x00000200
   419                              <1> 
   420                              <1> ; =============================================================================
   421                              <1> ; Structure: foreboots_mmap_entry (ForeB's 64-bit-safe E820 entry, 24 bytes)
   422                              <1> ; =============================================================================
   423                              <1> struc foreboots_mmap_entry
   424 00000000 ????????????????    <1>     .base               resq 1      ; 64-bit base address
   425 00000008 ????????????????    <1>     .length             resq 1      ; 64-bit length
   426 00000010 ????????            <1>     .type               resd 1      ; E820 type (1=usable, 2=reserved, ...)
   427 00000014 ????????            <1>     .acpi               resd 1      ; ACPI 3.0 extended attributes
   428                              <1> endstruc
   429                              <1> 
   430                              <1> ; =============================================================================
   431                              <1> ; Structure: multiboot1 mmap entry (24 bytes, size field = 20)
   432                              <1> ; =============================================================================
   433                              <1> struc mb_mmap_entry
   434 00000000 ????????            <1>     .size               resd 1      ; = sizeof(entry) - 4 = 20
   435 00000004 ????????            <1>     .addr_low           resd 1
   436 00000008 ????????            <1>     .addr_high          resd 1
   437 0000000C ????????            <1>     .len_low            resd 1
   438 00000010 ????????            <1>     .len_high           resd 1
   439 00000014 ????????            <1>     .type               resd 1
   440                              <1> endstruc
   441                              <1> 
   442                              <1> ; =============================================================================
   443                              <1> ; Structure: multiboot1 info (passed to kernel in EBX) - matches kernel's
   444                              <1> ; src/include/multiboot.h multiboot_info_t
   445                              <1> ; =============================================================================
   446                              <1> struc mb_info
   447 00000000 ????????            <1>     .flags              resd 1
   448 00000004 ????????            <1>     .mem_lower          resd 1
   449 00000008 ????????            <1>     .mem_upper          resd 1
   450 0000000C ????????            <1>     .boot_device        resd 1
   451 00000010 ????????            <1>     .cmdline            resd 1
   452 00000014 ????????            <1>     .mods_count         resd 1
   453 00000018 ????????            <1>     .mods_addr          resd 1
   454 0000001C <res 10h>           <1>     .syms               resb 16
   455 0000002C ????????            <1>     .mmap_length        resd 1
   456 00000030 ????????            <1>     .mmap_addr          resd 1
   457 00000034 ????????            <1>     .drives_length      resd 1
   458 00000038 ????????            <1>     .drives_addr        resd 1
   459 0000003C ????????            <1>     .config_table       resd 1
   460 00000040 ????????            <1>     .boot_loader_name   resd 1
   461 00000044 ????????            <1>     .apm_table          resd 1
   462 00000048 ????????            <1>     .vbe_control_info   resd 1
   463 0000004C ????????            <1>     .vbe_mode_info      resd 1
   464 00000050 ????                <1>     .vbe_mode           resw 1
   465 00000052 ????                <1>     .vbe_interface_seg  resw 1
   466 00000054 ????                <1>     .vbe_interface_off  resw 1
   467 00000056 ????                <1>     .vbe_interface_len  resw 1
   468 00000058 ????????????????    <1>     .framebuffer_addr   resq 1      ; 64-bit
   469 00000060 ????????            <1>     .framebuffer_pitch  resd 1
   470 00000064 ????????            <1>     .framebuffer_width  resd 1
   471 00000068 ????????            <1>     .framebuffer_height resd 1
   472 0000006C ??                  <1>     .framebuffer_bpp    resb 1
   473 0000006D ??                  <1>     .framebuffer_type   resb 1
   474 0000006E ????                <1>     .framebuffer_color_info resw 1
   475                              <1> endstruc
   476                              <1> 
   477                              <1> ; =============================================================================
   478                              <1> ; Structure: multiboot1 module entry (for initrd)
   479                              <1> ; =============================================================================
   480                              <1> struc mb_module
   481 00000000 ????????            <1>     .mod_start          resd 1
   482 00000004 ????????            <1>     .mod_end            resd 1
   483 00000008 ????????            <1>     .string             resd 1
   484 0000000C ????????            <1>     .reserved           resd 1
   485                              <1> endstruc
   486                              <1> 
   487                              <1> ; Computed struct sizes (NASM struc does not auto-define a *_size symbol)
   488                              <1> %define foreboots_boot_info_size     152
   489                              <1> %define foreboots_mmap_entry_size    24
   490                              <1> %define mb_mmap_entry_size           24
   491                              <1> %define mb_info_size                 112
   492                              <1> %define mb_module_size               16
   493                              <1> 
   494                              <1> ; ELF constants (used by stage3)
   495                              <1> %define ELFCLASS32          1
   496                              <1> %define ELFCLASS64          2
   497                              <1> %define ELFDATA2LSB         1
   498                              <1> %define EM_386              3
   499                              <1> %define EM_X86_64           62
   500                              <1> %define PT_LOAD             1
   501                              <1> 
   502                              <1> %endif ; FOREB_CONFIG_H
    41                                  %include "forebo.h"
     1                              <1> ; =============================================================================
     2                              <1> ; ForeB - Forest Bootloader
     3                              <1> ; forebo.h (NASM include) - Shared Macros and Definitions
     4                              <1> ; =============================================================================
     5                              <1> ; Include this file after config.h in stage2.asm
     6                              <1> 
     7                              <1> %ifndef FOREBO_H
     8                              <1> %define FOREBO_H
     9                              <1> 
    10                              <1> ; =============================================================================
    11                              <1> ; MACRO: print_str
    12                              <1> ; Print a null-terminated string in real mode via INT 10h AH=0Eh (teletype)
    13                              <1> ; Usage: print_str label_of_string
    14                              <1> ; Clobbers: AX, BX, SI
    15                              <1> ; =============================================================================
    16                              <1> %macro print_str 1
    17                              <1>     push si
    18                              <1>     mov  si, %1
    19                              <1>     call _print_str_impl
    20                              <1>     pop  si
    21                              <1> %endmacro
    22                              <1> 
    23                              <1> ; =============================================================================
    24                              <1> ; MACRO: print_char
    25                              <1> ; Print a single ASCII character in real mode
    26                              <1> ; Usage: print_char 'X'
    27                              <1> ; Clobbers: AX, BX
    28                              <1> ; =============================================================================
    29                              <1> %macro print_char 1
    30                              <1>     mov  al, %1
    31                              <1>     mov  ah, 0x0E
    32                              <1>     mov  bh, 0
    33                              <1>     mov  bl, 0x0F
    34                              <1>     int  0x10
    35                              <1> %endmacro
    36                              <1> 
    37                              <1> ; =============================================================================
    38                              <1> ; MACRO: plot_pixel
    39                              <1> ; Write a byte (color index) to the linear framebuffer in 8bpp mode.
    40                              <1> ; This macro is expanded inline; for real code call the subroutine.
    41                              <1> ; Usage: plot_pixel x_reg, y_reg, color_reg
    42                              <1> ;        where x_reg, y_reg are 16-bit registers holding coordinates,
    43                              <1> ;        color_reg is an 8-bit register holding the palette index.
    44                              <1> ; ES must point to the LFB segment (set once before calling).
    45                              <1> ; Clobbers: EDI
    46                              <1> ; =============================================================================
    47                              <1> %macro plot_pixel 3
    48                              <1>     ; edi = y * SCREEN_WIDTH + x
    49                              <1>     movzx edi, word %2          ; edi = y
    50                              <1>     imul  edi, SCREEN_WIDTH     ; edi = y * width
    51                              <1>     movzx eax, word %1          ; eax = x
    52                              <1>     add   edi, eax              ; edi = y*w + x
    53                              <1>     mov   byte [es:edi], %3    ; write color
    54                              <1> %endmacro
    55                              <1> 
    56                              <1> ; =============================================================================
    57                              <1> ; MACRO: fill_rect
    58                              <1> ; Fill a rectangular region with a color.
    59                              <1> ; Parameters: x, y, w, h, color  (all immediate or registers)
    60                              <1> ; This calls the fill_rect subroutine with parameters on stack.
    61                              <1> ; Clobbers: EAX, ECX, EDX, EDI
    62                              <1> ; =============================================================================
    63                              <1> %macro fill_rect 5
    64                              <1>     push word %5
    65                              <1>     push word %4
    66                              <1>     push word %3
    67                              <1>     push word %2
    68                              <1>     push word %1
    69                              <1>     call _fill_rect_impl
    70                              <1>     add  sp, 10
    71                              <1> %endmacro
    72                              <1> 
    73                              <1> ; =============================================================================
    74                              <1> ; MACRO: draw_hline
    75                              <1> ; Draw a horizontal line.
    76                              <1> ; Parameters: x, y, length, color
    77                              <1> ; =============================================================================
    78                              <1> %macro draw_hline 4
    79                              <1>     push word %4
    80                              <1>     push word %3
    81                              <1>     push word %2
    82                              <1>     push word %1
    83                              <1>     call _draw_hline_impl
    84                              <1>     add  sp, 8
    85                              <1> %endmacro
    86                              <1> 
    87                              <1> ; =============================================================================
    88                              <1> ; MACRO: draw_vline
    89                              <1> ; Draw a vertical line.
    90                              <1> ; Parameters: x, y, length, color
    91                              <1> ; =============================================================================
    92                              <1> %macro draw_vline 4
    93                              <1>     push word %4
    94                              <1>     push word %3
    95                              <1>     push word %2
    96                              <1>     push word %1
    97                              <1>     call _draw_vline_impl
    98                              <1>     add  sp, 8
    99                              <1> %endmacro
   100                              <1> 
   101                              <1> ; =============================================================================
   102                              <1> ; MACRO: draw_rect_outline
   103                              <1> ; Draw a hollow rectangle (border only).
   104                              <1> ; Parameters: x, y, w, h, color
   105                              <1> ; =============================================================================
   106                              <1> %macro draw_rect_outline 5
   107                              <1>     push word %5
   108                              <1>     push word %4
   109                              <1>     push word %3
   110                              <1>     push word %2
   111                              <1>     push word %1
   112                              <1>     call _draw_rect_outline_impl
   113                              <1>     add  sp, 10
   114                              <1> %endmacro
   115                              <1> 
   116                              <1> ; =============================================================================
   117                              <1> ; MACRO: draw_text
   118                              <1> ; Draw a string of text at pixel position using the built-in 8x8 font.
   119                              <1> ; Parameters: x, y, color, string_label
   120                              <1> ; =============================================================================
   121                              <1> %macro draw_text 4
   122                              <1>     push word %3
   123                              <1>     push word %2
   124                              <1>     push word %1
   125                              <1>     push word %4
   126                              <1>     call _draw_text_impl
   127                              <1>     add  sp, 8
   128                              <1> %endmacro
   129                              <1> 
   130                              <1> ; =============================================================================
   131                              <1> ; MACRO: delay_ticks
   132                              <1> ; Spin-wait for approximately N timer ticks (18.2 Hz BIOS timer).
   133                              <1> ; Parameters: tick_count (immediate)
   134                              <1> ; =============================================================================
   135                              <1> %macro delay_ticks 1
   136                              <1>     push ax
   137                              <1>     push cx
   138                              <1>     push dx
   139                              <1>     mov  cx, %1
   140                              <1>     call _delay_ticks_impl
   141                              <1>     pop  dx
   142                              <1>     pop  cx
   143                              <1>     pop  ax
   144                              <1> %endmacro
   145                              <1> 
   146                              <1> ; =============================================================================
   147                              <1> ; Structure: VBE Controller Info (returned by INT 10h AX=4F00h)
   148                              <1> ; Total: 512 bytes, placed at VBEINFO_OFF
   149                              <1> ; =============================================================================
   150                              <1> struc VBEControllerInfo
   151 00000000 ????????            <1>     .Signature      resb 4      ; "VESA"
   152 00000004 ????                <1>     .Version        resw 1      ; VBE version (e.g. 0x0300 = VBE 3.0)
   153 00000006 ????????            <1>     .OEMStringPtr   resd 1      ; Far pointer to OEM string
   154 0000000A ????????            <1>     .Capabilities   resd 1
   155 0000000E ????????            <1>     .VideoModePtr   resd 1      ; Far pointer to video mode list
   156 00000012 ????                <1>     .TotalMemory    resw 1      ; in 64 KiB blocks
   157 00000014 ????                <1>     .OEMSoftwareRev resw 1
   158 00000016 ????????            <1>     .OEMVendorNamePtr resd 1
   159 0000001A ????????            <1>     .OEMProductNamePtr resd 1
   160 0000001E ????????            <1>     .OEMProductRevPtr  resd 1
   161 00000022 <res DEh>           <1>     .Reserved       resb 222
   162 00000100 <res 100h>          <1>     .OEMData        resb 256
   163                              <1> endstruc
   164                              <1> 
   165                              <1> ; =============================================================================
   166                              <1> ; Structure: VBE Mode Info (returned by INT 10h AX=4F01h)
   167                              <1> ; Total: 256 bytes, placed at VBEMODEINFO_OFF
   168                              <1> ; =============================================================================
   169                              <1> struc VBEModeInfo
   170 00000000 ????                <1>     .ModeAttributes     resw 1      ; Mode attributes
   171 00000002 ??                  <1>     .WinAAttributes     resb 1
   172 00000003 ??                  <1>     .WinBAttributes     resb 1
   173 00000004 ????                <1>     .WinGranularity     resw 1      ; Window granularity (KiB)
   174 00000006 ????                <1>     .WinSize            resw 1      ; Window size (KiB)
   175 00000008 ????                <1>     .WinASegment        resw 1
   176 0000000A ????                <1>     .WinBSegment        resw 1
   177 0000000C ????????            <1>     .WinFuncPtr         resd 1
   178 00000010 ????                <1>     .BytesPerScanLine   resw 1
   179                              <1>     ; VBE 1.2+
   180 00000012 ????                <1>     .XResolution        resw 1
   181 00000014 ????                <1>     .YResolution        resw 1
   182 00000016 ??                  <1>     .XCharSize          resb 1
   183 00000017 ??                  <1>     .YCharSize          resb 1
   184 00000018 ??                  <1>     .NumberOfPlanes     resb 1
   185 00000019 ??                  <1>     .BitsPerPixel       resb 1
   186 0000001A ??                  <1>     .NumberOfBanks      resb 1
   187 0000001B ??                  <1>     .MemoryModel        resb 1
   188 0000001C ??                  <1>     .BankSize           resb 1
   189 0000001D ??                  <1>     .NumberOfImagePages resb 1
   190 0000001E ??                  <1>     .Reserved1          resb 1
   191                              <1>     ; Direct color info
   192 0000001F ??                  <1>     .RedMaskSize        resb 1
   193 00000020 ??                  <1>     .RedFieldPosition   resb 1
   194 00000021 ??                  <1>     .GreenMaskSize      resb 1
   195 00000022 ??                  <1>     .GreenFieldPosition resb 1
   196 00000023 ??                  <1>     .BlueMaskSize       resb 1
   197 00000024 ??                  <1>     .BlueFieldPosition  resb 1
   198 00000025 ??                  <1>     .RsvdMaskSize       resb 1
   199 00000026 ??                  <1>     .RsvdFieldPosition  resb 1
   200 00000027 ??                  <1>     .DirectColorModeInfo resb 1
   201                              <1>     ; VBE 2.0+
   202 00000028 ????????            <1>     .PhysBasePtr        resd 1      ; Physical address of linear framebuffer
   203 0000002C ????????            <1>     .Reserved2          resd 1
   204 00000030 ????                <1>     .Reserved3          resw 1
   205                              <1>     ; VBE 3.0+
   206 00000032 ????                <1>     .LinBytesPerScanLine resw 1
   207 00000034 ??                  <1>     .BnkNumberOfImagePages resb 1
   208 00000035 ??                  <1>     .LinNumberOfImagePages resb 1
   209 00000036 ??                  <1>     .LinRedMaskSize     resb 1
   210 00000037 ??                  <1>     .LinRedFieldPosition resb 1
   211 00000038 ??                  <1>     .LinGreenMaskSize   resb 1
   212 00000039 ??                  <1>     .LinGreenFieldPosition resb 1
   213 0000003A ??                  <1>     .LinBlueMaskSize    resb 1
   214 0000003B ??                  <1>     .LinBlueFieldPosition resb 1
   215 0000003C ??                  <1>     .LinRsvdMaskSize    resb 1
   216 0000003D ??                  <1>     .LinRsvdFieldPosition resb 1
   217 0000003E ????????            <1>     .MaxPixelClock      resd 1
   218 00000042 <res BEh>           <1>     .Reserved4          resb 190
   219                              <1> endstruc
   220                              <1> 
   221                              <1> ; =============================================================================
   222                              <1> ; Structure: Disk Address Packet (for INT 13h AH=42h extended read)
   223                              <1> ; =============================================================================
   224                              <1> struc DAP
   225 00000000 ??                  <1>     .Size       resb 1          ; Size of DAP (0x10)
   226 00000001 ??                  <1>     .Zero       resb 1          ; Must be 0
   227 00000002 ????                <1>     .Count      resw 1          ; Number of sectors to read
   228 00000004 ????                <1>     .Offset     resw 1          ; Destination offset
   229 00000006 ????                <1>     .Segment    resw 1          ; Destination segment
   230 00000008 ????????            <1>     .LBALow     resd 1          ; LBA low 32 bits
   231 0000000C ????????            <1>     .LBAHigh    resd 1          ; LBA high 32 bits (usually 0)
   232                              <1> endstruc
   233                              <1> 
   234                              <1> ; =============================================================================
   235                              <1> ; Structure: Multiboot 1 Info (passed to kernel in EBX)
   236                              <1> ; =============================================================================
   237                              <1> struc MBInfo
   238 00000000 ????????            <1>     .flags          resd 1      ; flags
   239 00000004 ????????            <1>     .mem_lower      resd 1      ; available memory below 1MB (KiB)
   240 00000008 ????????            <1>     .mem_upper      resd 1      ; available memory above 1MB (KiB)
   241 0000000C ????????            <1>     .boot_device    resd 1      ; BIOS boot device
   242 00000010 ????????            <1>     .cmdline        resd 1      ; pointer to kernel command line
   243 00000014 ????????            <1>     .mods_count     resd 1      ; number of boot modules
   244 00000018 ????????            <1>     .mods_addr      resd 1      ; physical address of module list
   245 0000001C <res 10h>           <1>     .syms           resb 16     ; symbol table or elf section header info
   246 0000002C ????????            <1>     .mmap_length    resd 1      ; memory map length
   247 00000030 ????????            <1>     .mmap_addr      resd 1      ; memory map address
   248 00000034 ????????            <1>     .drives_length  resd 1
   249 00000038 ????????            <1>     .drives_addr    resd 1
   250 0000003C ????????            <1>     .config_table   resd 1
   251 00000040 ????????            <1>     .boot_loader_name resd 1    ; pointer to bootloader name string
   252 00000044 ????????            <1>     .apm_table      resd 1
   253 00000048 ????????            <1>     .vbe_control_info resd 1
   254 0000004C ????????            <1>     .vbe_mode_info  resd 1
   255 00000050 ????                <1>     .vbe_mode       resw 1
   256 00000052 ????                <1>     .vbe_interface_seg resw 1
   257 00000054 ????                <1>     .vbe_interface_off resw 1
   258 00000056 ????                <1>     .vbe_interface_len resw 1
   259                              <1> endstruc
   260                              <1> 
   261                              <1> %endif ; FOREBO_H
    42                                  %include "forebo64.h"
     1                              <1> ; =============================================================================
     2                              <1> ; ForeB - Forest Bootloader
     3                              <1> ; forebo64.h (NASM include) - Extended macros & structures
     4                              <1> ; =============================================================================
     5                              <1> ; Include after config.h. Adds macros for:
     6                              <1> ;   - E820 memory map collection
     7                              <1> ;   - LBA disk read with CHS fallback
     8                              <1> ;   - CPUID / long-mode capability detection
     9                              <1> ;   - 64-bit GDT and long-mode trampoline helpers
    10                              <1> ;   - ELF header structures for stage3
    11                              <1> ;
    12                              <1> ; These extend the original macro library in forebo.h.
    13                              <1> 
    14                              <1> %ifndef FOREBO64_H
    15                              <1> %define FOREBO64_H
    16                              <1> 
    17                              <1> ; =============================================================================
    18                              <1> ; MACRO: serial_print  string_label
    19                              <1> ; Initialize COM1 (FOREB_COM1_BASE) to 8N1/115200 and print a NUL-terminated
    20                              <1> ; string via LSR (THRE) polling. Self-contained: re-runs the idempotent port
    21                              <1> ; init on each call so it works whether or not the port was set up earlier.
    22                              <1> ; Assembles correctly in both 16-bit real mode (stage2) and 32-bit protected
    23                              <1> ; mode (stage3) - the string pointer register width follows __BITS__, and the
    24                              <1> ; in/out port I/O is identical in either mode. The string must be reachable
    25                              <1> ; through DS (stage2: DS=stage2 segment; stage3: flat DS base 0).
    26                              <1> ; Preserves ALL general-purpose registers and flags.
    27                              <1> ; =============================================================================
    28                              <1> %macro serial_print 1
    29                              <1>     pushf
    30                              <1>     pusha
    31                              <1>     ; --- COM1 8N1, divisor 1 (115200 baud) ---
    32                              <1>     mov  dx, FOREB_COM1_BASE + 1        ; IER: disable interrupts
    33                              <1>     xor  al, al
    34                              <1>     out  dx, al
    35                              <1>     mov  dx, FOREB_COM1_BASE + 3        ; LCR: enable DLAB
    36                              <1>     mov  al, 0x80
    37                              <1>     out  dx, al
    38                              <1>     mov  dx, FOREB_COM1_BASE + 0        ; DLL = 1
    39                              <1>     mov  al, 0x01
    40                              <1>     out  dx, al
    41                              <1>     mov  dx, FOREB_COM1_BASE + 1        ; DLM = 0
    42                              <1>     xor  al, al
    43                              <1>     out  dx, al
    44                              <1>     mov  dx, FOREB_COM1_BASE + 3        ; LCR: 8N1, DLAB off
    45                              <1>     mov  al, 0x03
    46                              <1>     out  dx, al
    47                              <1>     mov  dx, FOREB_COM1_BASE + 2        ; FCR: enable+clear FIFO, 14-byte
    48                              <1>     mov  al, 0xC7
    49                              <1>     out  dx, al
    50                              <1>     mov  dx, FOREB_COM1_BASE + 4        ; MCR: DTR|RTS|OUT2
    51                              <1>     mov  al, 0x0B
    52                              <1>     out  dx, al
    53                              <1>     ; --- print loop ---
    54                              <1> %if __BITS__ == 16
    55                              <1>     mov  si, %1
    56                              <1> %else
    57                              <1>     mov  esi, %1
    58                              <1> %endif
    59                              <1> %%sp_next:
    60                              <1> %if __BITS__ == 16
    61                              <1>     mov  al, [si]
    62                              <1>     inc  si
    63                              <1> %else
    64                              <1>     mov  al, [esi]
    65                              <1>     inc  esi
    66                              <1> %endif
    67                              <1>     test al, al
    68                              <1>     jz   %%sp_done
    69                              <1>     mov  bl, al                         ; hold char while polling LSR
    70                              <1> %%sp_wait:
    71                              <1>     mov  dx, FOREB_COM1_BASE + 5        ; LSR
    72                              <1>     in   al, dx
    73                              <1>     test al, 0x20                       ; THRE (transmit holding empty)
    74                              <1>     jz   %%sp_wait
    75                              <1>     mov  al, bl
    76                              <1>     mov  dx, FOREB_COM1_BASE + 0        ; THR
    77                              <1>     out  dx, al
    78                              <1>     jmp  %%sp_next
    79                              <1> %%sp_done:
    80                              <1>     popa
    81                              <1>     popf
    82                              <1> %endmacro
    83                              <1> 
    84                              <1> ; =============================================================================
    85                              <1> ; MACRO: e820_collect
    86                              <1> ; Collect INT 15h E820 memory map into foreboots_mmap_entry array at
    87                              <1> ; FOREB_MMAP_ADDRESS. Stores up to FOREB_MMAP_MAX entries.
    88                              <1> ; On return:
    89                              <1> ;   [boot_info + foreboots_boot_info.mmap_count] = number of entries
    90                              <1> ;   [boot_info + foreboots_boot_info.mmap_addr]   = FOREB_MMAP_ADDRESS
    91                              <1> ; Clobbers: EAX, EBX, ECX, EDX, ESI, EDI, ES, flags
    92                              <1> ; Assumes DS=0 for the destination buffer (physical addresses).
    93                              <1> ; =============================================================================
    94                              <1> %macro e820_collect 0
    95                              <1>     push    ds
    96                              <1>     push    es
    97                              <1>     pushad                          ; preserve all regs; EBP = entry counter
    98                              <1>     xor     ax, ax
    99                              <1>     mov     ds, ax
   100                              <1>     mov     es, ax
   101                              <1>     mov     edi, FOREB_MMAP_ADDRESS ; ES:DI -> current foreboots_mmap_entry slot
   102                              <1>     xor     ebx, ebx                ; continuation value (0 = start)
   103                              <1>     xor     ebp, ebp                ; EBP = entry count (saved across int 0x15)
   104                              <1> %%e820_loop:
   105                              <1>     cmp     ebp, FOREB_MMAP_MAX
   106                              <1>     jae     %%e820_done             ; table full
   107                              <1>     mov     eax, 0x0000E820
   108                              <1>     mov     ecx, 24
   109                              <1>     mov     dword [es:edi + 20], 1  ; default ACPI attr = valid, in the DEST slot
   110                              <1>     mov     edx, 0x534D4150         ; 'SMAP'
   111                              <1>     ; INT 15h/E820 writes the entry straight to ES:DI (= this array slot). The
   112                              <1>     ; previous version pointed the BIOS at the array but then overwrote the slot
   113                              <1>     ; with an uninitialised scratch buffer, yielding a 0-byte memory map.
   114                              <1>     int     0x15
   115                              <1>     jc      %%e820_done             ; carry = end / error
   116                              <1>     cmp     eax, 0x534D4150         ; BIOS must return 'SMAP'
   117                              <1>     jne     %%e820_done
   118                              <1>     cmp     ecx, 20
   119                              <1>     jb      %%e820_next             ; entry too small; don't count it
   120                              <1>     inc     ebp
   121                              <1>     add     edi, foreboots_mmap_entry_size   ; advance to the next slot
   122                              <1> %%e820_next:
   123                              <1>     test    ebx, ebx
   124                              <1>     jz      %%e820_done
   125                              <1>     jmp     %%e820_loop
   126                              <1> 
   127                              <1> %%e820_done:
   128                              <1>     mov     [boot_info + foreboots_boot_info.mmap_count], ebp
   129                              <1>     mov     dword [boot_info + foreboots_boot_info.mmap_addr], FOREB_MMAP_ADDRESS
   130                              <1>     popad
   131                              <1>     pop     es
   132                              <1>     pop     ds
   133                              <1> %endmacro
   134                              <1> 
   135                              <1> ; =============================================================================
   136                              <1> ; MACRO: lba_read_one  drive_src
   137                              <1> ; Read ECX sectors (clamped to 63) from LBA EAX to physical address ESI using
   138                              <1> ; INT 13h AH=42h. Falls back to CHS (AH=02h, 1 sector at a time) if LBA
   139                              <1> ; extensions are unsupported by the BIOS.
   140                              <1> ;   EAX       = starting LBA
   141                              <1> ;   ECX       = sector count (clamped to 63 internally)
   142                              <1> ;   ESI       = physical destination address (seg:off derived as phys/16 : &0xF)
   143                              <1> ;   [drive_src] = memory location (DS=0 accessible) holding the BIOS drive byte
   144                              <1> ; On success CF=0; on failure CF=1. Preserves ALL caller registers.
   145                              <1> ; For reads larger than 63 sectors, call this in a loop (see stage2 disk_load).
   146                              <1> ; =============================================================================
   147                              <1> %macro lba_read_one 1
   148                              <1>     push    eax
   149                              <1>     push    ecx
   150                              <1>     push    edx
   151                              <1>     push    esi
   152                              <1>     push    edi
   153                              <1>     push    ebx
   154                              <1>     push    ebp
   155                              <1>     push    es
   156                              <1>     push    ds
   157                              <1>     xor     ax, ax
   158                              <1>     mov     ds, ax                      ; DS=0 for DAP / drive_src
   159                              <1>     ; Save LBA + count into the DAP first (before any INT 13h clobbers EAX)
   160                              <1>     mov     [DAP_BUF + 8], eax          ; LBA low
   161                              <1>     mov     dword [DAP_BUF + 12], 0     ; LBA high
   162                              <1>     mov     ebp, ecx                    ; EBP = sector count (preserve)
   163                              <1>     cmp     ebp, 63
   164                              <1>     jbe     %%lro_cnt_ok
   165                              <1>     mov     ebp, 63
   166                              <1> %%lro_cnt_ok:
   167                              <1>     ; Destination seg:off from ESI
   168                              <1>     mov     edx, esi
   169                              <1>     shr     edx, 4                      ; seg
   170                              <1>     mov     edi, esi
   171                              <1>     and     edi, 0x000F                 ; off
   172                              <1>     mov     word [DAP_BUF + 0], 0x0010
   173                              <1>     mov     [DAP_BUF + 4], di
   174                              <1>     mov     [DAP_BUF + 6], dx
   175                              <1>     ; Check LBA extensions support
   176                              <1>     mov     ah, 0x41
   177                              <1>     mov     bx, 0x55AA
   178                              <1>     mov     dl, [%1]
   179                              <1>     int     0x13
   180                              <1>     jc      %%lro_chs
   181                              <1>     cmp     bx, 0xAA55
   182                              <1>     jne     %%lro_chs
   183                              <1>     test    cl, 0x01
   184                              <1>     jz      %%lro_chs
   185                              <1>     ; --- LBA path: one INT 13h AH=42h call for all EBP sectors ---
   186                              <1>     mov     [DAP_BUF + 2], bp           ; count (word)
   187                              <1>     mov     si, DAP_BUF
   188                              <1>     mov     dl, [%1]
   189                              <1>     mov     ah, 0x42
   190                              <1>     int     0x13
   191                              <1>     jc      %%lro_fail
   192                              <1>     clc
   193                              <1>     jmp     %%lro_ret
   194                              <1>     ; --- CHS fallback: read EBP sectors, one per iteration ---
   195                              <1> %%lro_chs:
   196                              <1>     mov     [DAP_BUF + 2], bp           ; not used by CHS, keep for record
   197                              <1> %%lro_chs_loop:
   198                              <1>     test    ebp, ebp
   199                              <1>     jz      %%lro_ok
   200                              <1>     mov     eax, [DAP_BUF + 8]          ; current LBA
   201                              <1>     xor     edx, edx
   202                              <1>     mov     ecx, 63
   203                              <1>     div     ecx                         ; eax = LBA/63, edx = sector-1
   204                              <1>     inc     edx                         ; edx = sector
   205                              <1>     push    edx                         ; save sector
   206                              <1>     xor     edx, edx
   207                              <1>     mov     ecx, 16
   208                              <1>     div     ecx                         ; eax = cylinder, edx = head
   209                              <1>     push    edx                         ; save head
   210                              <1>     mov     ch, al                      ; CH = cyl low
   211                              <1>     mov     edx, eax
   212                              <1>     shr     edx, 8
   213                              <1>     and     edx, 0xC0                   ; high cyl bits
   214                              <1>     pop     eax                         ; head
   215                              <1>     mov     dh, al                      ; DH = head
   216                              <1>     pop     eax                         ; sector
   217                              <1>     mov     cl, al                      ; CL = sector (low 6 bits)
   218                              <1>     or      cl, dl                      ; CL |= high cyl bits
   219                              <1>     ; Buffer ES:BX from ESI
   220                              <1>     mov     eax, esi
   221                              <1>     shr     eax, 4                      ; seg
   222                              <1>     mov     edx, esi
   223                              <1>     and     edx, 0x0F                   ; off
   224                              <1>     push    es
   225                              <1>     mov     es, ax
   226                              <1>     mov     bx, dx                      ; BX = buffer offset
   227                              <1>     mov     dl, [%1]                    ; DL = drive (DH preserved)
   228                              <1>     mov     eax, 0x0201                 ; AH=02, AL=1 sector
   229                              <1>     int     0x13
   230                              <1>     pop     es
   231                              <1>     jc      %%lro_fail
   232                              <1>     inc     dword [DAP_BUF + 8]         ; LBA++
   233                              <1>     add     esi, 512                    ; dest += 512
   234                              <1>     dec     ebp
   235                              <1>     jmp     %%lro_chs_loop
   236                              <1> %%lro_ok:
   237                              <1>     clc
   238                              <1>     jmp     %%lro_ret
   239                              <1> %%lro_fail:
   240                              <1>     stc
   241                              <1> %%lro_ret:
   242                              <1>     pop     ds
   243                              <1>     pop     es
   244                              <1>     pop     ebp
   245                              <1>     pop     ebx
   246                              <1>     pop     edi
   247                              <1>     pop     esi
   248                              <1>     pop     edx
   249                              <1>     pop     ecx
   250                              <1>     pop     eax
   251                              <1> %endmacro
   252                              <1> 
   253                              <1> ; =============================================================================
   254                              <1> ; MACRO: detect_long_mode
   255                              <1> ; Detect CPUID and long-mode availability. Sets the cpuid_available,
   256                              <1> ; long_mode_available, pae_available fields in boot_info and the corresponding
   257                              <1> ; FOREB_BIF_* bits in flags. Falls back gracefully on 386/486.
   258                              <1> ; Clobbers: EAX, EBX, ECX, EDX, flags
   259                              <1> ; =============================================================================
   260                              <1> %macro detect_long_mode 0
   261                              <1>     push    ds
   262                              <1>     pushad
   263                              <1>     xor     ax, ax
   264                              <1>     mov     ds, ax                      ; DS=0 to access boot_info (physical 0x1000)
   265                              <1>     ; CPUID availability: flip ID bit (EFLAGS bit 21)
   266                              <1>     pushfd
   267                              <1>     pop     eax
   268                              <1>     mov     ecx, eax
   269                              <1>     xor     eax, 1 << 21
   270                              <1>     push    eax
   271                              <1>     popfd
   272                              <1>     pushfd
   273                              <1>     pop     eax
   274                              <1>     push    ecx
   275                              <1>     popfd
   276                              <1>     cmp     eax, ecx
   277                              <1>     je      %%no_cpuid
   278                              <1>     ; CPUID present
   279                              <1>     mov     dword [boot_info + foreboots_boot_info.cpuid_available], 1
   280                              <1>     or      dword [boot_info + foreboots_boot_info.flags], FOREB_BIF_CPUID
   281                              <1> 
   282                              <1>     ; PAE: CPUID(1) -> EDX bit 6
   283                              <1>     mov     eax, 1
   284                              <1>     cpuid
   285                              <1>     test    edx, 1 << 6
   286                              <1>     jz      %%no_pae
   287                              <1>     mov     dword [boot_info + foreboots_boot_info.pae_available], 1
   288                              <1>     or      dword [boot_info + foreboots_boot_info.flags], FOREB_BIF_PAE
   289                              <1> %%no_pae:
   290                              <1>     ; Extended CPUID for long mode: need 0x80000001
   291                              <1>     mov     eax, 0x80000000
   292                              <1>     cpuid
   293                              <1>     cmp     eax, 0x80000001
   294                              <1>     jb      %%done
   295                              <1>     mov     eax, 0x80000001
   296                              <1>     cpuid
   297                              <1>     test    edx, 1 << 29                 ; LM bit
   298                              <1>     jz      %%done
   299                              <1>     mov     dword [boot_info + foreboots_boot_info.long_mode_available], 1
   300                              <1>     or      dword [boot_info + foreboots_boot_info.flags], FOREB_BIF_LONG_MODE
   301                              <1>     jmp     %%done
   302                              <1> %%no_cpuid:
   303                              <1>     mov     dword [boot_info + foreboots_boot_info.cpuid_available], 0
   304                              <1>     mov     dword [boot_info + foreboots_boot_info.long_mode_available], 0
   305                              <1>     mov     dword [boot_info + foreboots_boot_info.pae_available], 0
   306                              <1> %%done:
   307                              <1>     popad
   308                              <1>     pop     ds
   309                              <1> %endmacro
   310                              <1> 
   311                              <1> ; =============================================================================
   312                              <1> ; Structure: ELF32 header (stage3 uses this to load the kernel)
   313                              <1> ; =============================================================================
   314                              <1> struc Elf32_Ehdr
   315 00000000 <res 10h>           <1>     .e_ident            resb 16
   316 00000010 ????                <1>     .e_type             resw 1
   317 00000012 ????                <1>     .e_machine          resw 1
   318 00000014 ????????            <1>     .e_version          resd 1
   319 00000018 ????????            <1>     .e_entry            resd 1
   320 0000001C ????????            <1>     .e_phoff            resd 1
   321 00000020 ????????            <1>     .e_shoff            resd 1
   322 00000024 ????????            <1>     .e_flags            resd 1
   323 00000028 ????                <1>     .e_ehsize           resw 1
   324 0000002A ????                <1>     .e_phentsize        resw 1
   325 0000002C ????                <1>     .e_phnum            resw 1
   326 0000002E ????                <1>     .e_shentsize        resw 1
   327 00000030 ????                <1>     .e_shnum            resw 1
   328 00000032 ????                <1>     .e_shstrndx         resw 1
   329                              <1> endstruc
   330                              <1> 
   331                              <1> struc Elf32_Phdr
   332 00000000 ????????            <1>     .p_type             resd 1
   333 00000004 ????????            <1>     .p_offset           resd 1
   334 00000008 ????????            <1>     .p_vaddr            resd 1
   335 0000000C ????????            <1>     .p_paddr            resd 1
   336 00000010 ????????            <1>     .p_filesz           resd 1
   337 00000014 ????????            <1>     .p_memsz            resd 1
   338 00000018 ????????            <1>     .p_flags            resd 1
   339 0000001C ????????            <1>     .p_align            resd 1
   340                              <1> endstruc
   341                              <1> 
   342                              <1> ; =============================================================================
   343                              <1> ; Structure: ELF64 header (stage3 uses this to load the 64-bit kernel)
   344                              <1> ; =============================================================================
   345                              <1> struc Elf64_Ehdr
   346 00000000 <res 10h>           <1>     .e_ident            resb 16
   347 00000010 ????                <1>     .e_type             resw 1
   348 00000012 ????                <1>     .e_machine          resw 1
   349 00000014 ????????            <1>     .e_version          resd 1
   350 00000018 ????????????????    <1>     .e_entry            resq 1
   351 00000020 ????????????????    <1>     .e_phoff            resq 1
   352 00000028 ????????????????    <1>     .e_shoff            resq 1
   353 00000030 ????????            <1>     .e_flags            resd 1
   354 00000034 ????                <1>     .e_ehsize           resw 1
   355 00000036 ????                <1>     .e_phentsize        resw 1
   356 00000038 ????                <1>     .e_phnum            resw 1
   357 0000003A ????                <1>     .e_shentsize        resw 1
   358 0000003C ????                <1>     .e_shnum            resw 1
   359 0000003E ????                <1>     .e_shstrndx         resw 1
   360                              <1> endstruc
   361                              <1> 
   362                              <1> struc Elf64_Phdr
   363 00000000 ????????            <1>     .p_type             resd 1
   364 00000004 ????????            <1>     .p_flags            resd 1
   365 00000008 ????????????????    <1>     .p_offset           resq 1
   366 00000010 ????????????????    <1>     .p_vaddr            resq 1
   367 00000018 ????????????????    <1>     .p_paddr            resq 1
   368 00000020 ????????????????    <1>     .p_filesz           resq 1
   369 00000028 ????????????????    <1>     .p_memsz            resq 1
   370 00000030 ????????????????    <1>     .p_align            resq 1
   371                              <1> endstruc
   372                              <1> 
   373                              <1> ; =============================================================================
   374                              <1> ; 64-bit GDT for the optional long-mode trampoline in stage3.
   375                              <1> ; Code: 0x00AF9A000000FFFF (L+DB+P+R/W/exec, 64-bit)
   376                              <1> ; Data: 0x00CF92000000FFFF (G+DB+P+R/W, flat 4GB)
   377                              <1> ; =============================================================================
   378                              <1> %macro GDT64_ENTRIES 0
   379                              <1> gdt64_start:
   380                              <1>     dq  0x0000000000000000              ; null
   381                              <1> gdt64_code: equ $ - gdt64_start
   382                              <1>     dq  0x00AF9A000000FFFF              ; 64-bit code
   383                              <1> gdt64_data: equ $ - gdt64_start
   384                              <1>     dq  0x00CF92000000FFFF              ; 64-bit data (compatibility)
   385                              <1> gdt64_end:
   386                              <1> %endmacro
   387                              <1> 
   388                              <1> %endif ; FOREBO64_H
    43                                  
    44                                  ; Fixed physical addresses accessed with ES=0 / DS=0
    45                                  boot_info       equ BOOT_INFO_ADDRESS
    46                                  foreb_mmap      equ FOREB_MMAP_ADDRESS
    47                                  mb_mmap         equ MB_MMAP_ADDRESS
    48                                  mb_info_addr    equ MULTIBOOT_INFO_ADDR
    49                                  
    50                                  ; =============================================================================
    51                                  ; Stage 2 header: short jump + magic + version
    52                                  ; =============================================================================
    53                                  stage2_start:
    54 00000000 EB0D                        jmp  short stage2_main
    55 00000002 B1FE                        dw   0xFEB1                       ; checked by stage1 (word at offset 2)
    56 00000004 466F7265422076322E-         db  "ForeB v2.0", 0
    56 0000000D 3000               
    57                                  
    58                                  ; =============================================================================
    59                                  ; MAIN ENTRY POINT
    60                                  ; =============================================================================
    61                                  stage2_main:
    62 0000000F 0E                          push cs
    63 00000010 1F                          pop  ds                          ; DS = 0x0800 (stage2 data)
    64 00000011 31C0                        xor  ax, ax
    65 00000013 8EC0                        mov  es, ax                      ; ES = 0x0000 (low memory)
    66 00000015 B80070                      mov  ax, 0x7000
    67 00000018 8ED0                        mov  ss, ax
    68 0000001A BCFEFF                      mov  sp, 0xFFFE
    69 0000001D FB                          sti
    70                                  
    71                                  %if FOREB_SERIAL_DEBUG
    72                                      serial_print str_serial_stage2   ; proof-of-progress on -serial stdio
    29 0000001E 9C                  <1>  pushf
    30 0000001F 60                  <1>  pusha
    31                              <1> 
    32 00000020 BAF903              <1>  mov dx, FOREB_COM1_BASE + 1
    33 00000023 30C0                <1>  xor al, al
    34 00000025 EE                  <1>  out dx, al
    35 00000026 BAFB03              <1>  mov dx, FOREB_COM1_BASE + 3
    36 00000029 B080                <1>  mov al, 0x80
    37 0000002B EE                  <1>  out dx, al
    38 0000002C BAF803              <1>  mov dx, FOREB_COM1_BASE + 0
    39 0000002F B001                <1>  mov al, 0x01
    40 00000031 EE                  <1>  out dx, al
    41 00000032 BAF903              <1>  mov dx, FOREB_COM1_BASE + 1
    42 00000035 30C0                <1>  xor al, al
    43 00000037 EE                  <1>  out dx, al
    44 00000038 BAFB03              <1>  mov dx, FOREB_COM1_BASE + 3
    45 0000003B B003                <1>  mov al, 0x03
    46 0000003D EE                  <1>  out dx, al
    47 0000003E BAFA03              <1>  mov dx, FOREB_COM1_BASE + 2
    48 00000041 B0C7                <1>  mov al, 0xC7
    49 00000043 EE                  <1>  out dx, al
    50 00000044 BAFC03              <1>  mov dx, FOREB_COM1_BASE + 4
    51 00000047 B00B                <1>  mov al, 0x0B
    52 00000049 EE                  <1>  out dx, al
    53                              <1> 
    54                              <1> %if __BITS__ == 16
    55 0000004A BE[A216]            <1>  mov si, %1
    56                              <1> %else
    57                              <1>  mov esi, %1
    58                              <1> %endif
    59                              <1> %%sp_next:
    60                              <1> %if __BITS__ == 16
    61 0000004D 8A04                <1>  mov al, [si]
    62 0000004F 46                  <1>  inc si
    63                              <1> %else
    64                              <1>  mov al, [esi]
    65                              <1>  inc esi
    66                              <1> %endif
    67 00000050 84C0                <1>  test al, al
    68 00000052 7412                <1>  jz %%sp_done
    69 00000054 88C3                <1>  mov bl, al
    70                              <1> %%sp_wait:
    71 00000056 BAFD03              <1>  mov dx, FOREB_COM1_BASE + 5
    72 00000059 EC                  <1>  in al, dx
    73 0000005A A820                <1>  test al, 0x20
    74 0000005C 74F8                <1>  jz %%sp_wait
    75 0000005E 88D8                <1>  mov al, bl
    76 00000060 BAF803              <1>  mov dx, FOREB_COM1_BASE + 0
    77 00000063 EE                  <1>  out dx, al
    78 00000064 EBE7                <1>  jmp %%sp_next
    79                              <1> %%sp_done:
    80 00000066 61                  <1>  popa
    81 00000067 9D                  <1>  popf
    73                                  %endif
    74                                  
    75 00000068 8816[6E15]                  mov  [drive_number], dl          ; BIOS boot drive from stage1
    76                                  
    77 0000006C E82F01                      call init_boot_info              ; Step 1
    78 0000006F E87F01                      call enable_a20                  ; Step 2
    79                                      detect_long_mode                 ; Step 3 (macro)
   261 00000072 1E                  <1>  push ds
   262 00000073 6660                <1>  pushad
   263 00000075 31C0                <1>  xor ax, ax
   264 00000077 8ED8                <1>  mov ds, ax
   265                              <1> 
   266 00000079 669C                <1>  pushfd
   267 0000007B 6658                <1>  pop eax
   268 0000007D 6689C1              <1>  mov ecx, eax
   269 00000080 663500002000        <1>  xor eax, 1 << 21
   270 00000086 6650                <1>  push eax
   271 00000088 669D                <1>  popfd
   272 0000008A 669C                <1>  pushfd
   273 0000008C 6658                <1>  pop eax
   274 0000008E 6651                <1>  push ecx
   275 00000090 669D                <1>  popfd
   276 00000092 6639C8              <1>  cmp eax, ecx
   277 00000095 7461                <1>  je %%no_cpuid
   278                              <1> 
   279 00000097 66C706481001000000  <1>  mov dword [boot_info + foreboots_boot_info.cpuid_available], 1
   280 000000A0 66830E081010        <1>  or dword [boot_info + foreboots_boot_info.flags], FOREB_BIF_CPUID
   281                              <1> 
   282                              <1> 
   283 000000A6 66B801000000        <1>  mov eax, 1
   284 000000AC 0FA2                <1>  cpuid
   285 000000AE 66F7C240000000      <1>  test edx, 1 << 6
   286 000000B5 740F                <1>  jz %%no_pae
   287 000000B7 66C706501001000000  <1>  mov dword [boot_info + foreboots_boot_info.pae_available], 1
   288 000000C0 66830E081020        <1>  or dword [boot_info + foreboots_boot_info.flags], FOREB_BIF_PAE
   289                              <1> %%no_pae:
   290                              <1> 
   291 000000C6 66B800000080        <1>  mov eax, 0x80000000
   292 000000CC 0FA2                <1>  cpuid
   293 000000CE 663D01000080        <1>  cmp eax, 0x80000001
   294 000000D4 723D                <1>  jb %%done
   295 000000D6 66B801000080        <1>  mov eax, 0x80000001
   296 000000DC 0FA2                <1>  cpuid
   297 000000DE 66F7C200000020      <1>  test edx, 1 << 29
   298 000000E5 742C                <1>  jz %%done
   299 000000E7 66C7064C1001000000  <1>  mov dword [boot_info + foreboots_boot_info.long_mode_available], 1
   300 000000F0 66830E081008        <1>  or dword [boot_info + foreboots_boot_info.flags], FOREB_BIF_LONG_MODE
   301 000000F6 EB1B                <1>  jmp %%done
   302                              <1> %%no_cpuid:
   303 000000F8 66C706481000000000  <1>  mov dword [boot_info + foreboots_boot_info.cpuid_available], 0
   304 00000101 66C7064C1000000000  <1>  mov dword [boot_info + foreboots_boot_info.long_mode_available], 0
   305 0000010A 66C706501000000000  <1>  mov dword [boot_info + foreboots_boot_info.pae_available], 0
   306                              <1> %%done:
   307 00000113 6661                <1>  popad
   308 00000115 1F                  <1>  pop ds
    80                                      e820_collect                     ; Step 4 (macro)
    95 00000116 1E                  <1>  push ds
    96 00000117 06                  <1>  push es
    97 00000118 6660                <1>  pushad
    98 0000011A 31C0                <1>  xor ax, ax
    99 0000011C 8ED8                <1>  mov ds, ax
   100 0000011E 8EC0                <1>  mov es, ax
   101 00000120 66BF00110000        <1>  mov edi, FOREB_MMAP_ADDRESS
   102 00000126 6631DB              <1>  xor ebx, ebx
   103 00000129 6631ED              <1>  xor ebp, ebp
   104                              <1> %%e820_loop:
   105 0000012C 6683FD20            <1>  cmp ebp, FOREB_MMAP_MAX
   106 00000130 733B                <1>  jae %%e820_done
   107 00000132 66B820E80000        <1>  mov eax, 0x0000E820
   108 00000138 66B918000000        <1>  mov ecx, 24
   109 0000013E 266766C74714010000- <1>  mov dword [es:edi + 20], 1
   109 00000147 00                  <1>
   110 00000148 66BA50414D53        <1>  mov edx, 0x534D4150
   111                              <1> 
   112                              <1> 
   113                              <1> 
   114 0000014E CD15                <1>  int 0x15
   115 00000150 721B                <1>  jc %%e820_done
   116 00000152 663D50414D53        <1>  cmp eax, 0x534D4150
   117 00000158 7513                <1>  jne %%e820_done
   118 0000015A 6683F914            <1>  cmp ecx, 20
   119 0000015E 7206                <1>  jb %%e820_next
   120 00000160 6645                <1>  inc ebp
   121 00000162 6683C718            <1>  add edi, foreboots_mmap_entry_size
   122                              <1> %%e820_next:
   123 00000166 6685DB              <1>  test ebx, ebx
   124 00000169 7402                <1>  jz %%e820_done
   125 0000016B EBBF                <1>  jmp %%e820_loop
   126                              <1> 
   127                              <1> %%e820_done:
   128 0000016D 66892E2010          <1>  mov [boot_info + foreboots_boot_info.mmap_count], ebp
   129 00000172 66C706241000110000  <1>  mov dword [boot_info + foreboots_boot_info.mmap_addr], FOREB_MMAP_ADDRESS
   130 0000017B 6661                <1>  popad
   131 0000017D 07                  <1>  pop es
   132 0000017E 1F                  <1>  pop ds
    81 0000017F E8E900                      call compute_mem_totals
    82                                  
    83                                      ; Graphical forest menu. Drawing to the VBE LFB does NOT work from real /
    84                                      ; unreal mode on QEMU, so the menu is drawn from short 16-bit PROTECTED-MODE
    85                                      ; excursions (see run_in_pm) while keyboard/timer polling stays in real mode
    86                                      ; via INT 16h/INT 1Ah. If no suitable VBE mode is found, vesa_menu falls back
    87                                      ; to the plain text menu. The graphical mode is torn down (text 03h restored,
    88                                      ; framebuffer info cleared) before the kernel handoff, so the multiboot
    89                                      ; handoff is byte-identical to the proven text-mode path.
    90 00000182 C606[6F15]00                mov  byte [vesa_ok], 0
    91                                  
    92                                      ; Boot menu (graphical VBE, text fallback)
    93 00000187 E8B209                      call vesa_menu                   ; AX = selected entry
    94                                  apply_entry:
    95 0000018A E81311                      call launch_boot_entry           ; set flags / re-select mode / reboot
    96 0000018D E8E50D                      call load_kernel                 ; Step 8b: stream kernel ELF to memory
    97 00000190 E8DA10                      call load_initrd                 ; Step 8c: optional multiboot module (initrd)
    98 00000193 E8D709                      call vesa_teardown               ; restore text 03h + clear fb before handoff
    99 00000196 E8E911                      call build_multiboot_info        ; Step 9
   100 00000199 E85813                      call enter_pm_and_jump_stage3    ; Step 10
   101 0000019C EBFE                        jmp  $
   102                                  
   103                                  ; ============================================================================
   104                                  ; init_boot_info: zero the struct and fill static fields
   105                                  ; ============================================================================
   106                                  init_boot_info:
   107 0000019E 6660                        pushad
   108 000001A0 06                          push es
   109 000001A1 1E                          push ds
   110 000001A2 31C0                        xor  ax, ax
   111 000001A4 8ED8                        mov  ds, ax
   112 000001A6 8EC0                        mov  es, ax
   113 000001A8 66BF00100000                mov  edi, boot_info
   114 000001AE 66B998000000                mov  ecx, foreboots_boot_info_size
   115 000001B4 6631C0                      xor  eax, eax
   116 000001B7 F3AA                        rep  stosb
   117 000001B9 66C706001042524F46          mov  dword [boot_info + foreboots_boot_info.magic], FOREB_BOOT_INFO_MAGIC
   118 000001C2 66C706041000000200          mov  dword [boot_info + foreboots_boot_info.version], FOREB_BOOT_INFO_VER
   119 000001CB 2EA0[6E15]                  mov  al, [cs:drive_number]       ; CS=0x0800, stage2 data
   120 000001CF 66A30C10                    mov  [boot_info + foreboots_boot_info.boot_disk], eax
   121 000001D3 66C706541000000100          mov  dword [boot_info + foreboots_boot_info.kernel_load_addr], KERNEL_LOAD_PHYS
   122 000001DC 66B8[C5160000]              mov  eax, str_bl_name
   123 000001E2 660500800000                add  eax, 0x8000
   124 000001E8 66A31410                    mov  [boot_info + foreboots_boot_info.boot_loader_name], eax
   125 000001EC 1F                          pop  ds
   126 000001ED 07                          pop  es
   127 000001EE 6661                        popad
   128 000001F0 C3                          ret
   129                                  
   130                                  ; ============================================================================
   131                                  ; A20 enable: fast A20 (port 0x92) -> keyboard controller -> BIOS INT 15h
   132                                  ; ============================================================================
   133                                  enable_a20:
   134 000001F1 E492                        in   al, 0x92
   135 000001F3 0C02                        or   al, 0x02
   136 000001F5 24FE                        and  al, 0xFE                    ; never toggle reset bit
   137 000001F7 E692                        out  0x92, al
   138 000001F9 E81B00                      call a20_check
   139 000001FC 7518                        jnz  .a20_done
   140 000001FE E83600                      call a20_enable_kbc
   141 00000201 E81300                      call a20_check
   142 00000204 7510                        jnz  .a20_done
   143 00000206 B80124                      mov  ax, 0x2401
   144 00000209 CD15                        int  0x15
   145 0000020B E80900                      call a20_check
   146 0000020E 7506                        jnz  .a20_done
   147 00000210 BE[E216]                    mov  si, str_a20warn
   148 00000213 E85D0B                      call bios_print
   149                                  .a20_done:
   150 00000216 C3                          ret
   151                                  
   152                                  ; a20_check: returns ZF=1 if A20 is OFF (wrapped), ZF=0 if ON. Preserves regs.
   153                                  a20_check:
   154 00000217 06                          push es
   155 00000218 1E                          push ds
   156 00000219 50                          push ax
   157 0000021A 53                          push bx
   158 0000021B 31C0                        xor  ax, ax
   159 0000021D 8ED8                        mov  ds, ax                      ; DS = 0
   160 0000021F C606000555                  mov  byte [0x0500], 0x55         ; marker at 0x0000:0x0500
   161 00000224 48                          dec  ax
   162 00000225 8EC0                        mov  es, ax                      ; ES = 0xFFFF
   163 00000227 268A1E1005                  mov  bl, [es:0x0510]             ; 0xFFFF:0x0510 wraps to 0x500 if A20 off
   164 0000022C 8A3E0005                    mov  bh, [0x0500]               ; 0x0000:0x0500 (DS=0)
   165 00000230 38FB                        cmp  bl, bh                      ; equal => A20 OFF
   166 00000232 5B                          pop  bx
   167 00000233 58                          pop  ax
   168 00000234 1F                          pop  ds
   169 00000235 07                          pop  es
   170 00000236 C3                          ret
   171                                  
   172                                  a20_enable_kbc:
   173 00000237 FA                          cli
   174 00000238 E82200                      call kbc_wait_in
   175 0000023B B0D0                        mov  al, 0xD0
   176 0000023D E664                        out  0x64, al
   177 0000023F E82200                      call kbc_wait_out
   178 00000242 E460                        in   al, 0x60
   179 00000244 50                          push ax
   180 00000245 E81500                      call kbc_wait_in
   181 00000248 B0D1                        mov  al, 0xD1
   182 0000024A E664                        out  0x64, al
   183 0000024C E80E00                      call kbc_wait_in
   184 0000024F 58                          pop  ax
   185 00000250 0C02                        or   al, 0x02
   186 00000252 E660                        out  0x60, al
   187 00000254 E80600                      call kbc_wait_in
   188 00000257 B0AE                        mov  al, 0xAE                    ; re-enable keyboard
   189 00000259 E664                        out  0x64, al
   190 0000025B FB                          sti
   191 0000025C C3                          ret
   192                                  kbc_wait_in:
   193 0000025D E464                        in   al, 0x64
   194 0000025F A802                        test al, 0x02
   195 00000261 75FA                        jnz  kbc_wait_in
   196 00000263 C3                          ret
   197                                  kbc_wait_out:
   198 00000264 E464                        in   al, 0x64
   199 00000266 A801                        test al, 0x01
   200 00000268 74FA                        jz   kbc_wait_out
   201 0000026A C3                          ret
   202                                  
   203                                  ; ============================================================================
   204                                  ; compute_mem_totals: derive mem_upper (KiB above 1MB) from the E820 map.
   205                                  ; mem_lower is fixed at 640 (conventional low memory).
   206                                  ; ============================================================================
   207                                  compute_mem_totals:
   208 0000026B 6650                        push eax
   209 0000026D 6651                        push ecx
   210 0000026F 6652                        push edx
   211 00000271 6656                        push esi
   212 00000273 1E                          push ds
   213 00000274 31C0                        xor  ax, ax
   214 00000276 8ED8                        mov  ds, ax
   215 00000278 66BE00110000                mov  esi, foreb_mmap
   216 0000027E 668B0E2010                  mov  ecx, [boot_info + foreboots_boot_info.mmap_count]
   217 00000283 6631D2                      xor  edx, edx
   218                                  .cmt_loop:
   219 00000286 6685C9                      test ecx, ecx
   220 00000289 7430                        jz   .cmt_done
   221 0000028B 6766837E1001                cmp  dword [esi + foreboots_mmap_entry.type], E820_USABLE
   222 00000291 7520                        jne  .cmt_next
   223 00000293 6766837E0400                cmp  dword [esi + foreboots_mmap_entry.base + 4], 0
   224 00000299 750C                        jne  .cmt_upper
   225 0000029B 6766813E00001000            cmp  dword [esi + foreboots_mmap_entry.base], 0x100000
   226 000002A3 7302                        jae  .cmt_upper
   227 000002A5 EB0C                        jmp  .cmt_next
   228                                  .cmt_upper:
   229 000002A7 67668B4608                  mov  eax, [esi + foreboots_mmap_entry.length]
   230 000002AC 66C1E80A                    shr  eax, 10
   231 000002B0 6601C2                      add  edx, eax
   232                                  .cmt_next:
   233 000002B3 6683C618                    add  esi, foreboots_mmap_entry_size
   234 000002B7 6649                        dec  ecx
   235 000002B9 EBCB                        jmp  .cmt_loop
   236                                  .cmt_done:
   237 000002BB 6689161C10                  mov  [boot_info + foreboots_boot_info.mem_upper], edx
   238 000002C0 66C706181080020000          mov  dword [boot_info + foreboots_boot_info.mem_lower], 640
   239 000002C9 1F                          pop  ds
   240 000002CA 665E                        pop  esi
   241 000002CC 665A                        pop  edx
   242 000002CE 6659                        pop  ecx
   243 000002D0 6658                        pop  eax
   244 000002D2 C3                          ret
   245                                  
   246                                  %if 1  ; ===== VBE graphical code — disabled (text mode only) =====
   247                                  ; ============================================================================
   248                                  ; preference table at [BX] (DS=0x0800). Each entry: width, height, bpp (words);
   249                                  ; table terminated by a zero width. Fills screen_* (stage2 data) and the
   250                                  ; boot_info framebuffer fields (ES=0). Sets vesa_ok and FOREB_BIF_FRAMEBUFFER.
   251                                  ; On failure: sets text mode 03h and clears framebuffer info.
   252                                  ; ============================================================================
   253                                  setup_vesa:
   254 000002D3 06                          push es
   255 000002D4 50                          push ax
   256 000002D5 31C0                        xor  ax, ax
   257 000002D7 8EC0                        mov  es, ax                      ; ES = 0 for VBE info / boot_info
   258 000002D9 BF0020                      mov  di, VBEINFO_OFF
   259 000002DC 2666C70556424532            mov  dword [es:di], 0x32454256   ; "VBE2"
   260 000002E4 B8004F                      mov  ax, 0x4F00
   261 000002E7 CD10                        int  0x10
   262 000002E9 83F84F                      cmp  ax, 0x004F
   263 000002EC 7538                        jne  .svs_fail
   264 000002EE 2666813E0020564553-         cmp  dword [es:VBEINFO_OFF], 0x41534556   ; "VESA"
   264 000002F7 41                 
   265 000002F8 752C                        jne  .svs_fail
   266                                  .svs_pref:
   267 000002FA 660FB707                    movzx eax, word [bx]            ; width  (DS=0x0800, BX=table offset)
   268 000002FE 6685C0                      test  eax, eax
   269 00000301 7423                        jz    .svs_fail
   270 00000303 660FB74F02                  movzx ecx, word [bx + 2]        ; height
   271 00000308 660FB75704                  movzx edx, word [bx + 4]        ; bpp
   272 0000030D E86600                      call  find_vbe_mode             ; CF=0 on success
   273 00000310 7305                        jnc   .svs_done
   274 00000312 83C306                      add   bx, 6
   275 00000315 EBE3                        jmp   .svs_pref
   276                                  .svs_done:
   277 00000317 C606[6F15]01                mov  byte [vesa_ok], 1
   278 0000031C 2666830E081002              or   dword [es:boot_info + foreboots_boot_info.flags], FOREB_BIF_FRAMEBUFFER
   279 00000323 58                          pop  ax
   280 00000324 07                          pop  es
   281 00000325 C3                          ret
   282                                  .svs_fail:
   283 00000326 C606[6F15]00                mov  byte [vesa_ok], 0
   284 0000032B B80300                      mov  ax, 0x0003
   285 0000032E CD10                        int  0x10
   286 00000330 266683260810FD              and  dword [es:boot_info + foreboots_boot_info.flags], 0xFFFFFFFD
   287 00000337 2666C7062810000000-         mov  dword [es:boot_info + foreboots_boot_info.framebuffer_addr], 0
   287 00000340 00                 
   288 00000341 2666C7062C10000000-         mov  dword [es:boot_info + foreboots_boot_info.framebuffer_addr + 4], 0
   288 0000034A 00                 
   289 0000034B 2666C7063410000000-         mov  dword [es:boot_info + foreboots_boot_info.framebuffer_width], 0
   289 00000354 00                 
   290 00000355 2666C7063810000000-         mov  dword [es:boot_info + foreboots_boot_info.framebuffer_height], 0
   290 0000035E 00                 
   291 0000035F 2666C7063C10000000-         mov  dword [es:boot_info + foreboots_boot_info.framebuffer_bpp], 0
   291 00000368 00                 
   292 00000369 2666C7064010020000-         mov  dword [es:boot_info + foreboots_boot_info.framebuffer_type], 2
   292 00000372 00                 
   293 00000373 58                          pop  ax
   294 00000374 07                          pop  es
   295 00000375 C3                          ret
   296                                  
   297                                  ; find_vbe_mode: search the VBE mode list for EAX=width, ECX=height, EDX=bpp
   298                                  ; with a linear framebuffer. Sets the mode + screen_* + boot_info fb fields.
   299                                  ; DS=0x0800, ES=0. CF=0 on success. Preserves all regs (pushad).
   300                                  find_vbe_mode:
   301 00000376 A3[C915]                    mov  [fvm_w], ax
   302 00000379 890E[CB15]                  mov  [fvm_h], cx
   303 0000037D 8816[CD15]                  mov  [fvm_b], dl
   304 00000381 06                          push es
   305 00000382 0FA0                        push fs
   306 00000384 6660                        pushad
   307 00000386 31C0                        xor  ax, ax
   308 00000388 8EC0                        mov  es, ax
   309 0000038A 2666A10E20                  mov  eax, [es:VBEINFO_OFF + 14]      ; VideoModePtr far (off:seg)
   310 0000038F A3[CE15]                    mov  [fvm_mpptr_off], ax
   311 00000392 66C1E810                    shr  eax, 16
   312 00000396 A3[D015]                    mov  [fvm_mpptr_seg], ax
   313                                  .fvm_loop:
   314 00000399 8E26[D015]                  mov  fs, [fvm_mpptr_seg]
   315 0000039D 8B1E[CE15]                  mov  bx, [fvm_mpptr_off]
   316 000003A1 648B07                      mov  ax, [fs:bx]                     ; mode number
   317 000003A4 83F8FF                      cmp  ax, 0xFFFF
   318 000003A7 0F84F600                    je   .fvm_notfound
   319 000003AB 8306[CE15]02                add  word [fvm_mpptr_off], 2
   320 000003B0 89C1                        mov  cx, ax                          ; CX = mode number
   321 000003B2 BF0022                      mov  di, VBEMODEINFO_OFF
   322 000003B5 B8014F                      mov  ax, 0x4F01
   323 000003B8 CD10                        int  0x10
   324 000003BA 83F84F                      cmp  ax, 0x004F
   325 000003BD 75DA                        jne  .fvm_loop
   326 000003BF 26F70600228000              test word [es:VBEMODEINFO_OFF + VBEModeInfo.ModeAttributes], VBE_ATTR_LFB
   327 000003C6 74D1                        jz   .fvm_loop
   328 000003C8 26F70600221000              test word [es:VBEMODEINFO_OFF + VBEModeInfo.ModeAttributes], VBE_ATTR_GRAPHICS
   329 000003CF 74C8                        jz   .fvm_loop
   330 000003D1 26A01B22                    mov  al, [es:VBEMODEINFO_OFF + VBEModeInfo.MemoryModel]
   331 000003D5 3C04                        cmp  al, VBE_MODEL_PACKED
   332 000003D7 7404                        je   .fvm_model_ok
   333 000003D9 3C06                        cmp  al, VBE_MODEL_DIRECT
   334 000003DB 75BC                        jne  .fvm_loop
   335                                  .fvm_model_ok:
   336 000003DD 26A11222                    mov  ax, [es:VBEMODEINFO_OFF + VBEModeInfo.XResolution]
   337 000003E1 3B06[C915]                  cmp  ax, [fvm_w]
   338 000003E5 75B2                        jne  .fvm_loop
   339 000003E7 26A11422                    mov  ax, [es:VBEMODEINFO_OFF + VBEModeInfo.YResolution]
   340 000003EB 3B06[CB15]                  cmp  ax, [fvm_h]
   341 000003EF 75A8                        jne  .fvm_loop
   342 000003F1 26A01922                    mov  al, [es:VBEMODEINFO_OFF + VBEModeInfo.BitsPerPixel]
   343 000003F5 3A06[CD15]                  cmp  al, [fvm_b]
   344 000003F9 759E                        jne  .fvm_loop
   345 000003FB 2666A12822                  mov  eax, [es:VBEMODEINFO_OFF + VBEModeInfo.PhysBasePtr]
   346 00000400 6685C0                      test eax, eax
   347 00000403 7494                        jz   .fvm_loop
   348 00000405 66A3[A515]                  mov  [lfb_phys_addr], eax            ; save before clobbering EAX
   349                                      ; save geometry
   350 00000409 26A11222                    mov  ax, [es:VBEMODEINFO_OFF + VBEModeInfo.XResolution]
   351 0000040D A3[A915]                    mov  [screen_width], ax
   352 00000410 26A11422                    mov  ax, [es:VBEMODEINFO_OFF + VBEModeInfo.YResolution]
   353 00000414 A3[AB15]                    mov  [screen_height], ax
   354 00000417 26A01922                    mov  al, [es:VBEMODEINFO_OFF + VBEModeInfo.BitsPerPixel]
   355 0000041B A2[AD15]                    mov  [screen_bpp], al
   356 0000041E 26A11022                    mov  ax, [es:VBEMODEINFO_OFF + VBEModeInfo.BytesPerScanLine]
   357 00000422 A3[AE15]                    mov  [screen_pitch], ax
   358                                      ; set the mode (LFB flag)
   359 00000425 81C90040                    or   cx, BIOS_VBE_LINEAR
   360 00000429 89CB                        mov  bx, cx
   361 0000042B B8024F                      mov  ax, 0x4F02
   362 0000042E CD10                        int  0x10
   363 00000430 83F84F                      cmp  ax, 0x004F
   364 00000433 0F8562FF                    jne  .fvm_loop
   365                                      ; fill boot_info framebuffer fields (ES=0)
   366 00000437 66A1[A515]                  mov  eax, [lfb_phys_addr]
   367 0000043B 2666A32810                  mov  [es:boot_info + foreboots_boot_info.framebuffer_addr], eax
   368 00000440 2666C7062C10000000-         mov  dword [es:boot_info + foreboots_boot_info.framebuffer_addr + 4], 0
   368 00000449 00                 
   369 0000044A 660FB706[AE15]              movzx eax, word [screen_pitch]
   370 00000450 2666A33010                  mov  [es:boot_info + foreboots_boot_info.framebuffer_pitch], eax
   371 00000455 660FB706[A915]              movzx eax, word [screen_width]
   372 0000045B 2666A33410                  mov  [es:boot_info + foreboots_boot_info.framebuffer_width], eax
   373 00000460 660FB706[AB15]              movzx eax, word [screen_height]
   374 00000466 2666A33810                  mov  [es:boot_info + foreboots_boot_info.framebuffer_height], eax
   375 0000046B 660FB606[AD15]              movzx eax, byte [screen_bpp]
   376 00000471 2666A33C10                  mov  [es:boot_info + foreboots_boot_info.framebuffer_bpp], eax
   377 00000476 2666C7064010010000-         mov  dword [es:boot_info + foreboots_boot_info.framebuffer_type], 1
   377 0000047F 00                 
   378 00000480 803E[AD15]08                cmp  byte [screen_bpp], 8
   379 00000485 770A                        ja   .fvm_typeset
   380 00000487 2666C7064010000000-         mov  dword [es:boot_info + foreboots_boot_info.framebuffer_type], 0
   380 00000490 00                 
   381                                  .fvm_typeset:
   382 00000491 26890E4410                  mov  [es:boot_info + foreboots_boot_info.vbe_mode], cx
   383 00000496 890E[A315]                  mov  [current_vesa_mode], cx
   384 0000049A 6661                        popad
   385 0000049C 0FA1                        pop  fs
   386 0000049E 07                          pop  es
   387 0000049F F8                          clc
   388 000004A0 C3                          ret
   389                                  .fvm_notfound:
   390 000004A1 6661                        popad
   391 000004A3 0FA1                        pop  fs
   392 000004A5 07                          pop  es
   393 000004A6 F9                          stc
   394 000004A7 C3                          ret
   395                                  
   396                                  ; ============================================================================
   397                                  ; Unreal Mode: FS = 4GB data segment for LFB access
   398                                  ; ============================================================================
   399                                  enable_unreal_mode:
   400 000004A8 FA                          cli
   401 000004A9 6650                        push eax
   402 000004AB 1E                          push ds
   403 000004AC 0F010E[0605]                sidt [saved_idtr]
   404 000004B1 0F0116[0005]                lgdt [gdt_descriptor]
   405 000004B6 0F20C0                      mov  eax, cr0
   406 000004B9 6683C801                    or   eax, 1
   407 000004BD 0F22C0                      mov  cr0, eax
   408 000004C0 B81000                      mov  ax, 0x10
   409 000004C3 8EE0                        mov  fs, ax
   410 000004C5 6683E0FE                    and  eax, 0xFFFFFFFE
   411 000004C9 0F22C0                      mov  cr0, eax
   412 000004CC EB00                        jmp  .flush
   413                                  .flush:
   414 000004CE 1F                          pop  ds
   415 000004CF 0E                          push cs
   416 000004D0 1F                          pop  ds
   417 000004D1 0F011E[0605]                lidt [saved_idtr]
   418 000004D6 C606[7015]01                mov  byte [unreal_ok], 1
   419 000004DB 6658                        pop  eax
   420 000004DD FB                          sti
   421 000004DE C3                          ret
   422                                  
   423 000004DF 90                      align 8
   424                                  gdt_start:
   425 000004E0 0000000000000000            dq  0x0000000000000000
   426 000004E8 FFFF000000009A0000-         dw  0xFFFF, 0x0000, 0x00, 0x9A, 0x00, 0x00   ; 16-bit code (placeholder)
   426 000004F1 000000             
   427 000004F4 FFFF000000009200CF-         dw  0xFFFF, 0x0000, 0x00, 0x92, 0xCF, 0x00   ; 32-bit flat data (sel 0x10)
   427 000004FD 000000             
   428                                  gdt_end:
   429                                  gdt_descriptor:
   430 00000500 1F00                        dw  gdt_end - gdt_start - 1
   431 00000502 [E0840000]                  dd  gdt_start + 0x8000
   432                                  saved_idtr:
   433 00000506 0000                        dw  0
   434 00000508 00000000                    dd  0
   435                                  
   436                                  ; ============================================================================
   437                                  ; DAC Palette: forest colors at DAC registers 16..28 (8bpp mode only)
   438                                  ; ============================================================================
   439                                  program_palette:
   440 0000050C 803E[AD15]08                cmp  byte [screen_bpp], 8
   441 00000511 0F85D900                    jne  .pp_done
   442 00000515 06                          push es
   443 00000516 31C0                        xor  ax, ax
   444 00000518 8EC0                        mov  es, ax
   445 0000051A BF0024                      mov  di, PALETTE_BUF
   446 0000051D 26C60506                    mov  byte [es:di+0], 6
   447 00000521 26C645010B                  mov  byte [es:di+1], 11
   448 00000526 26C6450206                  mov  byte [es:di+2], 6
   449 0000052B 26C6450307                  mov  byte [es:di+3], 7
   450 00000530 26C645040D                  mov  byte [es:di+4], 13
   451 00000535 26C6450507                  mov  byte [es:di+5], 7
   452 0000053A 26C645060A                  mov  byte [es:di+6], 10
   453 0000053F 26C6450714                  mov  byte [es:di+7], 20
   454 00000544 26C645080A                  mov  byte [es:di+8], 10
   455 00000549 26C6450905                  mov  byte [es:di+9], 5
   456 0000054E 26C6450A19                  mov  byte [es:di+10], 25
   457 00000553 26C6450B05                  mov  byte [es:di+11], 5
   458 00000558 26C6450C14                  mov  byte [es:di+12], 20
   459 0000055D 26C6450D32                  mov  byte [es:di+13], 50
   460 00000562 26C6450E0F                  mov  byte [es:di+14], 15
   461 00000567 26C6450F2D                  mov  byte [es:di+15], 45
   462 0000056C 26C6451037                  mov  byte [es:di+16], 55
   463 00000571 26C645112D                  mov  byte [es:di+17], 45
   464 00000576 26C6451219                  mov  byte [es:di+18], 25
   465 0000057B 26C6451320                  mov  byte [es:di+19], 32
   466 00000580 26C6451419                  mov  byte [es:di+20], 25
   467 00000585 26C6451537                  mov  byte [es:di+21], 55
   468 0000058A 26C6451628                  mov  byte [es:di+22], 40
   469 0000058F 26C6451705                  mov  byte [es:di+23], 5
   470 00000594 26C645183F                  mov  byte [es:di+24], 63
   471 00000599 26C645193F                  mov  byte [es:di+25], 63
   472 0000059E 26C6451A3F                  mov  byte [es:di+26], 63
   473 000005A3 26C6451B01                  mov  byte [es:di+27], 1
   474 000005A8 26C6451C02                  mov  byte [es:di+28], 2
   475 000005AD 26C6451D01                  mov  byte [es:di+29], 1
   476 000005B2 26C6451E0F                  mov  byte [es:di+30], 15
   477 000005B7 26C6451F07                  mov  byte [es:di+31], 7
   478 000005BC 26C6452002                  mov  byte [es:di+32], 2
   479 000005C1 26C6452107                  mov  byte [es:di+33], 7
   480 000005C6 26C645221E                  mov  byte [es:di+34], 30
   481 000005CB 26C6452307                  mov  byte [es:di+35], 7
   482 000005D0 26C645240F                  mov  byte [es:di+36], 15
   483 000005D5 26C645252D                  mov  byte [es:di+37], 45
   484 000005DA 26C645260F                  mov  byte [es:di+38], 15
   485 000005DF B81210                      mov  ax, 0x1012
   486 000005E2 BB1000                      mov  bx, 16
   487 000005E5 B90D00                      mov  cx, 13
   488 000005E8 BA0024                      mov  dx, PALETTE_BUF
   489 000005EB CD10                        int  0x10
   490 000005ED 07                          pop  es
   491                                  .pp_done:
   492 000005EE C3                          ret
   493                                  
   494                                  ; ============================================================================
   495                                  ; Pixel primitives (LFB via FS:[phys] in unreal mode; 8bpp menu mode)
   496                                  ; ============================================================================
   497                                  plot_px:
   498 000005EF 6652                        push edx
   499 000005F1 660FB716[AE15]              movzx edx, word [screen_pitch]
   500 000005F7 660FAFDA                    imul  ebx, edx
   501 000005FB 6601C3                      add   ebx, eax
   502 000005FE 66031E[A515]                add   ebx, [lfb_phys_addr]
   503 00000603 6467880B                    mov   [fs:ebx], cl
   504 00000607 665A                        pop   edx
   505 00000609 C3                          ret
   506                                  
   507                                  fill_box:
   508 0000060A 6650                        push eax
   509 0000060C 6653                        push ebx
   510 0000060E 6651                        push ecx
   511 00000610 6652                        push edx
   512 00000612 6657                        push edi
   513 00000614 660FB71E[B215]              movzx ebx, word [fb_y]
   514 0000061A 660FB70E[B615]              movzx ecx, word [fb_h]
   515 00000620 6601D9                      add   ecx, ebx
   516                                  .fb_row:
   517 00000623 6639CB                      cmp   ebx, ecx
   518 00000626 7D37                        jge   .fb_done
   519 00000628 660FB73E[AE15]              movzx edi, word [screen_pitch]
   520 0000062E 6689DA                      mov   edx, ebx
   521 00000631 660FAFD7                    imul  edx, edi
   522 00000635 660FB73E[B015]              movzx edi, word [fb_x]
   523 0000063B 6601FA                      add   edx, edi
   524 0000063E 660316[A515]                add   edx, [lfb_phys_addr]
   525 00000643 660FB73E[B415]              movzx edi, word [fb_w]
   526 00000649 A0[B815]                    mov   al, [fb_c]
   527                                  .fb_px:
   528 0000064C 6685FF                      test  edi, edi
   529 0000064F 740A                        jz    .fb_next_row
   530 00000651 64678802                    mov   [fs:edx], al
   531 00000655 6642                        inc   edx
   532 00000657 664F                        dec   edi
   533 00000659 EBF1                        jmp   .fb_px
   534                                  .fb_next_row:
   535 0000065B 6643                        inc  ebx
   536 0000065D EBC4                        jmp  .fb_row
   537                                  .fb_done:
   538 0000065F 665F                        pop  edi
   539 00000661 665A                        pop  edx
   540 00000663 6659                        pop  ecx
   541 00000665 665B                        pop  ebx
   542 00000667 6658                        pop  eax
   543 00000669 C3                          ret
   544                                  
   545                                  rect_outline:
   546 0000066A 50                          push ax
   547 0000066B 53                          push bx
   548 0000066C 51                          push cx
   549 0000066D 52                          push dx
   550 0000066E A1[B015]                    mov  ax, [fb_x]
   551 00000671 8B1E[B215]                  mov  bx, [fb_y]
   552 00000675 8B0E[B415]                  mov  cx, [fb_w]
   553 00000679 8B16[B615]                  mov  dx, [fb_h]
   554 0000067D C706[B615]0100              mov  word [fb_h], 1
   555 00000683 E884FF                      call fill_box
   556 00000686 8916[B615]                  mov  [fb_h], dx
   557 0000068A 891E[B215]                  mov  [fb_y], bx
   558 0000068E 0116[B215]                  add  [fb_y], dx
   559 00000692 FF0E[B215]                  dec  word [fb_y]
   560 00000696 C706[B615]0100              mov  word [fb_h], 1
   561 0000069C E86BFF                      call fill_box
   562 0000069F 891E[B215]                  mov  [fb_y], bx
   563 000006A3 8916[B615]                  mov  [fb_h], dx
   564 000006A7 C706[B415]0100              mov  word [fb_w], 1
   565 000006AD E85AFF                      call fill_box
   566 000006B0 890E[B415]                  mov  [fb_w], cx
   567 000006B4 A3[B015]                    mov  [fb_x], ax
   568 000006B7 010E[B015]                  add  [fb_x], cx
   569 000006BB FF0E[B015]                  dec  word [fb_x]
   570 000006BF C706[B415]0100              mov  word [fb_w], 1
   571 000006C5 E842FF                      call fill_box
   572 000006C8 A3[B015]                    mov  [fb_x], ax
   573 000006CB 890E[B415]                  mov  [fb_w], cx
   574 000006CF 5A                          pop  dx
   575 000006D0 59                          pop  cx
   576 000006D1 5B                          pop  bx
   577 000006D2 58                          pop  ax
   578 000006D3 C3                          ret
   579                                  
   580                                  ; ============================================================================
   581                                  ; Text rendering: 8x8 bitmap font
   582                                  ; ============================================================================
   583                                  draw_glyph:
   584 000006D4 6650                        push eax
   585 000006D6 6653                        push ebx
   586 000006D8 6651                        push ecx
   587 000006DA 6652                        push edx
   588 000006DC 6656                        push esi
   589 000006DE 6657                        push edi
   590 000006E0 660FB636[BF15]              movzx esi, byte [dc_char]
   591 000006E6 6683FE20                    cmp   esi, 32
   592 000006EA 726E                        jb    .dg_done
   593 000006EC 6683EE20                    sub   esi, 32
   594 000006F0 6683FE60                    cmp   esi, 96
   595 000006F4 7D64                        jge   .dg_done
   596 000006F6 66C1E603                    shl   esi, 3
   597 000006FA 66BB00000000                mov   ebx, 0
   598                                  .dg_row:
   599 00000700 6683FB08                    cmp   ebx, 8
   600 00000704 7D54                        jge   .dg_done
   601 00000706 66B907000000                mov   ecx, 7
   602                                  .dg_bit:
   603 0000070C 678A841E[401B0000]          mov   al, [font_data + esi + ebx] ; reload row byte: the plot path clobbers EAX
   604 00000714 88C2                        mov   dl, al
   605 00000716 D2EA                        shr   dl, cl
   606 00000718 80E201                      and   dl, 1
   607 0000071B 84D2                        test  dl, dl
   608 0000071D 7433                        jz    .dg_skip_px
   609 0000071F 660FB706[BB15]              movzx eax, word [dc_x]
   610 00000725 6689CF                      mov   edi, ecx                   ; font8x8_basic is LSB-first: bit N = column N
   611 00000728 6601F8                      add   eax, edi
   612 0000072B 660FB73E[BD15]              movzx edi, word [dc_y]
   613 00000731 6601DF                      add   edi, ebx
   614 00000734 6650                        push  eax
   615 00000736 660FB716[AE15]              movzx edx, word [screen_pitch]
   616 0000073C 660FAFFA                    imul  edi, edx
   617 00000740 6658                        pop   eax
   618 00000742 6601C7                      add   edi, eax
   619 00000745 66033E[A515]                add   edi, [lfb_phys_addr]
   620 0000074A 8A16[C015]                  mov   dl, [dc_color]
   621 0000074E 64678817                    mov   [fs:edi], dl
   622                                  .dg_skip_px:
   623 00000752 6649                        dec   ecx
   624 00000754 7DB6                        jge   .dg_bit
   625 00000756 6643                        inc   ebx
   626 00000758 EBA6                        jmp   .dg_row
   627                                  .dg_done:
   628 0000075A 665F                        pop  edi
   629 0000075C 665E                        pop  esi
   630 0000075E 665A                        pop  edx
   631 00000760 6659                        pop  ecx
   632 00000762 665B                        pop  ebx
   633 00000764 6658                        pop  eax
   634 00000766 C3                          ret
   635                                  
   636                                  gprint:
   637 00000767 56                          push si
   638 00000768 50                          push ax
   639                                  .gp_loop:
   640 00000769 3E8A04                      mov  al, [ds:si]
   641 0000076C 84C0                        test al, al
   642 0000076E 740E                        jz   .gp_done
   643 00000770 A2[BF15]                    mov  [dc_char], al
   644 00000773 E85EFF                      call draw_glyph
   645 00000776 8306[BB15]08                add  word [dc_x], 8
   646 0000077B 46                          inc  si
   647 0000077C EBEB                        jmp  .gp_loop
   648                                  .gp_done:
   649 0000077E 58                          pop  ax
   650 0000077F 5E                          pop  si
   651 00000780 C3                          ret
   652                                  
   653                                  ; ============================================================================
   654                                  ; High-level drawing
   655                                  ; ============================================================================
   656                                  draw_background:
   657 00000781 C706[B015]0000              mov  word [fb_x], 0
   658 00000787 C706[B215]0000              mov  word [fb_y], 0
   659 0000078D A1[A915]                    mov  ax, [screen_width]
   660 00000790 A3[B415]                    mov  [fb_w], ax
   661 00000793 A1[AB15]                    mov  ax, [screen_height]
   662 00000796 A3[B615]                    mov  [fb_h], ax
   663 00000799 C606[B815]10                mov  byte [fb_c], FOREB_BG
   664 0000079E E869FE                      call fill_box
   665 000007A1 C3                          ret
   666                                  
   667                                  draw_tree_logo:
   668 000007A2 C706[BB15]4401              mov  word [dc_x], LOGO_X - 16
   669 000007A8 C706[BD15]5000              mov  word [dc_y], LOGO_Y
   670 000007AE C606[C015]1B                mov  byte [dc_color], FOREB_TREE2
   671 000007B3 BE[051B]                    mov  si, tree_line_top
   672 000007B6 E8AEFF                      call gprint
   673 000007B9 C706[BB15]3C01              mov  word [dc_x], LOGO_X - 24
   674 000007BF C706[BD15]5E00              mov  word [dc_y], LOGO_Y + 14
   675 000007C5 C606[C015]1C                mov  byte [dc_color], FOREB_TREE3
   676 000007CA BE[0F1B]                    mov  si, tree_line_f3
   677 000007CD E897FF                      call gprint
   678 000007D0 C706[BB15]3401              mov  word [dc_x], LOGO_X - 32
   679 000007D6 C706[BD15]6C00              mov  word [dc_y], LOGO_Y + 28
   680 000007DC C606[C015]1B                mov  byte [dc_color], FOREB_TREE2
   681 000007E1 BE[191B]                    mov  si, tree_line_f2
   682 000007E4 E880FF                      call gprint
   683 000007E7 C706[BB15]2C01              mov  word [dc_x], LOGO_X - 40
   684 000007ED C706[BD15]7A00              mov  word [dc_y], LOGO_Y + 42
   685 000007F3 C606[C015]1C                mov  byte [dc_color], FOREB_TREE3
   686 000007F8 BE[231B]                    mov  si, tree_line_f1
   687 000007FB E869FF                      call gprint
   688 000007FE C706[BB15]4C01              mov  word [dc_x], LOGO_X - 8
   689 00000804 C706[BD15]8800              mov  word [dc_y], LOGO_Y + 56
   690 0000080A C606[C015]1A                mov  byte [dc_color], FOREB_TREE1
   691 0000080F BE[2D1B]                    mov  si, tree_line_trunk
   692 00000812 E852FF                      call gprint
   693 00000815 C706[BB15]2401              mov  word [dc_x], LOGO_X - 48
   694 0000081B C706[BD15]9C00              mov  word [dc_y], LOGO_Y + 76
   695 00000821 C606[C015]16                mov  byte [dc_color], FOREB_DIM
   696 00000826 BE[361B]                    mov  si, tree_line_ground
   697 00000829 E83BFF                      call gprint
   698 0000082C C3                          ret
   699                                  
   700                                  draw_title_bar:
   701 0000082D C706[B015]1000              mov  word [fb_x], 16
   702 00000833 C706[B215]1C00              mov  word [fb_y], 28
   703 00000839 A1[A915]                    mov  ax, [screen_width]
   704 0000083C 83E820                      sub  ax, 32
   705 0000083F A3[B415]                    mov  [fb_w], ax
   706 00000842 C706[B615]0200              mov  word [fb_h], 2
   707 00000848 C606[B815]12                mov  byte [fb_c], FOREB_BORDER
   708 0000084D E8BAFD                      call fill_box
   709 00000850 C706[BB15]C800              mov  word [dc_x], TITLE_X
   710 00000856 C706[BD15]3C00              mov  word [dc_y], TITLE_Y
   711 0000085C C606[C015]14                mov  byte [dc_color], FOREB_TITLE
   712 00000861 BE[0616]                    mov  si, str_title
   713 00000864 E800FF                      call gprint
   714 00000867 C706[BB15]E000              mov  word [dc_x], TITLE_X + 24
   715 0000086D C706[BD15]4A00              mov  word [dc_y], TITLE_Y + 14
   716 00000873 C606[C015]16                mov  byte [dc_color], FOREB_DIM
   717 00000878 BE[2016]                    mov  si, str_subtitle
   718 0000087B E8E9FE                      call gprint
   719 0000087E C3                          ret
   720                                  
   721                                  draw_menu_panel:
   722 0000087F C706[B015]A000              mov  word [fb_x], MENU_X
   723 00000885 C706[B215]A000              mov  word [fb_y], MENU_Y
   724 0000088B C706[B415]E001              mov  word [fb_w], MENU_W
   725 00000891 C706[B615]2C01              mov  word [fb_h], MENU_H
   726 00000897 C606[B815]11                mov  byte [fb_c], FOREB_PANEL
   727 0000089C E86BFD                      call fill_box
   728 0000089F C706[B015]9E00              mov  word [fb_x], MENU_X - 2
   729 000008A5 C706[B215]9E00              mov  word [fb_y], MENU_Y - 2
   730 000008AB C706[B415]E401              mov  word [fb_w], MENU_W + 4
   731 000008B1 C706[B615]3001              mov  word [fb_h], MENU_H + 4
   732 000008B7 C606[B815]12                mov  byte [fb_c], FOREB_BORDER
   733 000008BC E8ABFD                      call rect_outline
   734 000008BF C706[BB15]AE00              mov  word [dc_x], MENU_X + 14
   735 000008C5 C706[BD15]A800              mov  word [dc_y], MENU_Y + 8
   736 000008CB C606[C015]14                mov  byte [dc_color], FOREB_TITLE
   737 000008D0 BE[3716]                    mov  si, str_menu_label
   738 000008D3 E891FE                      call gprint
   739 000008D6 C706[B015]A600              mov  word [fb_x], MENU_X + 6
   740 000008DC C706[B215]B800              mov  word [fb_y], MENU_Y + 24
   741 000008E2 C706[B415]D401              mov  word [fb_w], MENU_W - 12
   742 000008E8 C706[B615]0100              mov  word [fb_h], 1
   743 000008EE C606[B815]12                mov  byte [fb_c], FOREB_BORDER
   744 000008F3 E814FD                      call fill_box
   745 000008F6 C3                          ret
   746                                  
   747                                  draw_boot_entries:
   748 000008F7 51                          push cx
   749 000008F8 31C9                        xor  cx, cx
   750                                  .dbe_loop:
   751 000008FA 83F904                      cmp  cx, BOOT_ENTRY_COUNT
   752 000008FD 7D06                        jge  .dbe_done
   753 000008FF E80500                      call draw_one_entry
   754 00000902 41                          inc  cx
   755 00000903 EBF5                        jmp  .dbe_loop
   756                                  .dbe_done:
   757 00000905 59                          pop  cx
   758 00000906 C3                          ret
   759                                  
   760                                  draw_one_entry:
   761 00000907 50                          push ax
   762 00000908 53                          push bx
   763 00000909 51                          push cx
   764 0000090A 52                          push dx
   765 0000090B 56                          push si
   766 0000090C 0FB7C1                      movzx ax, cx
   767 0000090F BB2000                      mov   bx, ENTRY_HEIGHT
   768 00000912 F7E3                        mul   bx
   769 00000914 05F000                      add   ax, ENTRY_Y_START
   770 00000917 3B0E[9C15]                  cmp   cx, [selected_entry]
   771 0000091B 751D                        jne   .doe_unselected
   772 0000091D C706[B015]A600              mov  word [fb_x], MENU_X + 6
   773 00000923 A3[B215]                    mov  [fb_y], ax
   774 00000926 C706[B415]D401              mov  word [fb_w], MENU_W - 12
   775 0000092C C706[B615]1E00              mov  word [fb_h], ENTRY_HEIGHT - 2
   776 00000932 C606[B815]13                mov  byte [fb_c], FOREB_SELECT
   777 00000937 E8D0FC                      call fill_box
   778                                  .doe_unselected:
   779 0000093A 0FB7D9                      movzx bx, cx
   780 0000093D BA2000                      mov   dx, ENTRY_HEIGHT
   781 00000940 89D8                        mov   ax, bx
   782 00000942 F7E2                        mul   dx
   783 00000944 05F000                      add   ax, ENTRY_Y_START
   784 00000947 83C00A                      add   ax, 10
   785 0000094A C706[BB15]B000              mov  word [dc_x], MENU_X + 16
   786 00000950 A3[BD15]                    mov  [dc_y], ax
   787 00000953 3B0E[9C15]                  cmp  cx, [selected_entry]
   788 00000957 7514                        jne  .doe_no_arrow
   789 00000959 C606[C015]18                mov  byte [dc_color], FOREB_WHITE
   790 0000095E C606[BF15]3E                mov  byte [dc_char], '>'
   791 00000963 E86EFD                      call draw_glyph
   792 00000966 8306[BB15]08                add  word [dc_x], 8
   793 0000096B EB05                        jmp  .doe_label
   794                                  .doe_no_arrow:
   795 0000096D 8306[BB15]08                add  word [dc_x], 8
   796                                  .doe_label:
   797 00000972 0FB7D9                      movzx bx, cx
   798 00000975 D1E3                        shl   bx, 1
   799 00000977 8BB7[ED1A]                  mov   si, [entry_labels + bx]
   800 0000097B 3B0E[9C15]                  cmp   cx, [selected_entry]
   801 0000097F 7507                        jne   .doe_dim_label
   802 00000981 C606[C015]18                mov   byte [dc_color], FOREB_WHITE
   803 00000986 EB05                        jmp   .doe_draw_label
   804                                  .doe_dim_label:
   805 00000988 C606[C015]15                mov   byte [dc_color], FOREB_TEXT
   806                                  .doe_draw_label:
   807 0000098D E8D7FD                      call  gprint
   808 00000990 0FB7D9                      movzx bx, cx
   809 00000993 BA2000                      mov   dx, ENTRY_HEIGHT
   810 00000996 89D8                        mov   ax, bx
   811 00000998 F7E2                        mul   dx
   812 0000099A 05F000                      add   ax, ENTRY_Y_START
   813 0000099D 83C016                      add   ax, 22
   814 000009A0 A3[BD15]                    mov  [dc_y], ax
   815 000009A3 C706[BB15]B800              mov  word [dc_x], MENU_X + 24
   816 000009A9 C606[C015]16                mov  byte [dc_color], FOREB_DIM
   817 000009AE 0FB7D9                      movzx bx, cx
   818 000009B1 D1E3                        shl   bx, 1
   819 000009B3 8BB7[FD1A]                  mov   si, [entry_descs + bx]
   820 000009B7 E8ADFD                      call  gprint
   821 000009BA 5E                          pop  si
   822 000009BB 5A                          pop  dx
   823 000009BC 59                          pop  cx
   824 000009BD 5B                          pop  bx
   825 000009BE 58                          pop  ax
   826 000009BF C3                          ret
   827                                  
   828                                  draw_footer:
   829 000009C0 C706[B015]1000              mov  word [fb_x], 16
   830 000009C6 A1[AB15]                    mov  ax, [screen_height]
   831 000009C9 83E82A                      sub  ax, 42
   832 000009CC A3[B215]                    mov  [fb_y], ax
   833 000009CF A1[A915]                    mov  ax, [screen_width]
   834 000009D2 83E820                      sub  ax, 32
   835 000009D5 A3[B415]                    mov  [fb_w], ax
   836 000009D8 C706[B615]0100              mov  word [fb_h], 1
   837 000009DE C606[B815]12                mov  byte [fb_c], FOREB_BORDER
   838 000009E3 E824FC                      call fill_box
   839 000009E6 C706[BB15]2000              mov  word [dc_x], 32
   840 000009EC A1[AB15]                    mov  ax, [screen_height]
   841 000009EF 83E81E                      sub  ax, 30
   842 000009F2 A3[BD15]                    mov  [dc_y], ax
   843 000009F5 C606[C015]16                mov  byte [dc_color], FOREB_DIM
   844 000009FA BE[4516]                    mov  si, str_key_hint
   845 000009FD E867FD                      call gprint
   846 00000A00 C3                          ret
   847                                  
   848                                  draw_timer_display:
   849 00000A01 56                          push si
   850 00000A02 C706[B015]4C01              mov  word [fb_x], TIMER_X - 8
   851 00000A08 C706[B215]DE01              mov  word [fb_y], TIMER_Y - 2
   852 00000A0E C706[B415]DC00              mov  word [fb_w], 220
   853 00000A14 C706[B615]0E00              mov  word [fb_h], 14
   854 00000A1A C606[B815]10                mov  byte [fb_c], FOREB_BG
   855 00000A1F E8E8FB                      call fill_box
   856 00000A22 C706[BB15]4C01              mov  word [dc_x], TIMER_X - 8
   857 00000A28 C706[BD15]E001              mov  word [dc_y], TIMER_Y
   858 00000A2E C606[C015]17                mov  byte [dc_color], FOREB_TIMER
   859 00000A33 BE[7316]                    mov  si, str_timer_pre
   860 00000A36 E82EFD                      call gprint
   861 00000A39 A0[9E15]                    mov  al, [timer_secs]
   862 00000A3C 0430                        add  al, '0'
   863 00000A3E A2[BF15]                    mov  [dc_char], al
   864 00000A41 E890FC                      call draw_glyph
   865 00000A44 8306[BB15]08                add  word [dc_x], 8
   866 00000A49 C606[C015]17                mov  byte [dc_color], FOREB_TIMER
   867 00000A4E BE[8116]                    mov  si, str_timer_suf
   868 00000A51 E813FD                      call gprint
   869 00000A54 5E                          pop  si
   870 00000A55 C3                          ret
   871                                  
   872                                  ; ============================================================================
   873                                  ; Boot menu interactive loop (VBE). Returns AX = selected entry index.
   874                                  ; ============================================================================
   875                                  boot_menu_loop:
   876 00000A56 1E                          push ds
   877 00000A57 31C0                        xor  ax, ax
   878 00000A59 8ED8                        mov  ds, ax
   879 00000A5B 66A16C04                    mov  eax, [0x046C]
   880 00000A5F 1F                          pop  ds
   881 00000A60 0E                          push cs
   882 00000A61 1F                          pop  ds
   883 00000A62 66A3[9F15]                  mov  [start_ticks], eax
   884 00000A66 C606[9E15]05                mov  byte [timer_secs], FOREB_DEFAULT_TIMEOUT
   885                                  .bml_loop:
   886 00000A6B B401                        mov  ah, 0x01
   887 00000A6D CD16                        int  0x16
   888 00000A6F 747E                        jz   .bml_timer_check
   889 00000A71 B400                        mov  ah, 0x00
   890 00000A73 CD16                        int  0x16
   891 00000A75 80FC48                      cmp  ah, KEY_UP
   892 00000A78 7411                        je   .bml_up
   893 00000A7A 80FC50                      cmp  ah, KEY_DOWN
   894 00000A7D 7421                        je   .bml_down
   895 00000A7F 80FC1C                      cmp  ah, KEY_ENTER
   896 00000A82 742F                        je   .bml_enter
   897 00000A84 80FC01                      cmp  ah, KEY_ESCAPE
   898 00000A87 742E                        je   .bml_reset_timer
   899 00000A89 EBE0                        jmp  .bml_loop
   900                                  .bml_up:
   901 00000A8B 833E[9C15]00                cmp  word [selected_entry], 0
   902 00000A90 7406                        je   .bml_wrap_last
   903 00000A92 FF0E[9C15]                  dec  word [selected_entry]
   904 00000A96 EB36                        jmp  .bml_redraw
   905                                  .bml_wrap_last:
   906 00000A98 C706[9C15]0300              mov  word [selected_entry], BOOT_ENTRY_COUNT - 1
   907 00000A9E EB2E                        jmp  .bml_redraw
   908                                  .bml_down:
   909 00000AA0 FF06[9C15]                  inc  word [selected_entry]
   910 00000AA4 833E[9C15]04                cmp  word [selected_entry], BOOT_ENTRY_COUNT
   911 00000AA9 7C23                        jl   .bml_redraw
   912 00000AAB C706[9C15]0000              mov  word [selected_entry], 0
   913 00000AB1 EB1B                        jmp  .bml_redraw
   914                                  .bml_enter:
   915 00000AB3 A1[9C15]                    mov  ax, [selected_entry]
   916 00000AB6 C3                          ret
   917                                  .bml_reset_timer:
   918 00000AB7 1E                          push ds
   919 00000AB8 31C0                        xor  ax, ax
   920 00000ABA 8ED8                        mov  ds, ax
   921 00000ABC 66A16C04                    mov  eax, [0x046C]
   922 00000AC0 1F                          pop  ds
   923 00000AC1 0E                          push cs
   924 00000AC2 1F                          pop  ds
   925 00000AC3 66A3[9F15]                  mov  [start_ticks], eax
   926 00000AC7 C606[9E15]05                mov  byte [timer_secs], FOREB_DEFAULT_TIMEOUT
   927 00000ACC EB9D                        jmp  .bml_loop
   928                                  .bml_redraw:
   929 00000ACE 1E                          push ds
   930 00000ACF 31C0                        xor  ax, ax
   931 00000AD1 8ED8                        mov  ds, ax
   932 00000AD3 66A16C04                    mov  eax, [0x046C]
   933 00000AD7 1F                          pop  ds
   934 00000AD8 0E                          push cs
   935 00000AD9 1F                          pop  ds
   936 00000ADA 66A3[9F15]                  mov  [start_ticks], eax
   937 00000ADE C606[9E15]05                mov  byte [timer_secs], FOREB_DEFAULT_TIMEOUT
   938 00000AE3 C706[C115][3E0C]            mov  word [pm_fn], pm_menu        ; redraw panel+entries+timer in 16-bit PM
   939 00000AE9 E8DC00                      call run_in_pm
   940 00000AEC E97CFF                      jmp  .bml_loop
   941                                  .bml_timer_check:
   942 00000AEF 1E                          push ds
   943 00000AF0 31C0                        xor  ax, ax
   944 00000AF2 8ED8                        mov  ds, ax
   945 00000AF4 66A16C04                    mov  eax, [0x046C]
   946 00000AF8 1F                          pop  ds
   947 00000AF9 0E                          push cs
   948 00000AFA 1F                          pop  ds
   949 00000AFB 662B06[9F15]                sub  eax, [start_ticks]
   950 00000B00 6631D2                      xor  edx, edx
   951 00000B03 66BB12000000                mov  ebx, 18
   952 00000B09 66F7F3                      div  ebx
   953 00000B0C 66B905000000                mov  ecx, FOREB_DEFAULT_TIMEOUT
   954 00000B12 6629C1                      sub  ecx, eax
   955 00000B15 6683F900                    cmp  ecx, 0
   956 00000B19 7E1D                        jle  .bml_timeout
   957 00000B1B 660FB61E[9E15]              movzx ebx, byte [timer_secs]
   958 00000B21 6639D9                      cmp  ecx, ebx
   959 00000B24 0F8443FF                    je   .bml_loop
   960 00000B28 880E[9E15]                  mov  [timer_secs], cl
   961 00000B2C C706[C115][480C]            mov  word [pm_fn], pm_timer       ; repaint only the timer box in 16-bit PM
   962 00000B32 E89300                      call run_in_pm
   963 00000B35 E933FF                      jmp  .bml_loop
   964                                  .bml_timeout:
   965 00000B38 A1[9C15]                    mov  ax, [selected_entry]
   966 00000B3B C3                          ret
   967                                  
   968                                  ; ============================================================================
   969                                  ; vesa_menu: graphical forest boot menu. Returns AX = selected entry.
   970                                  ; Sets an 8bpp VBE mode, programs the forest DAC palette, draws the menu from
   971                                  ; 16-bit protected-mode excursions and reads keys/timer in real mode. For a boot
   972                                  ; entry it then paints the in-place graphical load indicator and LEAVES the
   973                                  ; framebuffer up so it stays visible while the kernel streams in; vesa_teardown
   974                                  ; (called after load_kernel, before the handoff) restores text mode 03h and
   975                                  ; clears the framebuffer info so the multiboot handoff is byte-identical to the
   976                                  ; proven text-mode path. Falls back to the text menu when no VBE mode is found.
   977                                  ; ============================================================================
   978                                  vesa_menu:
   979 00000B3C BB[D215]                    mov  bx, fb_prefs_menu
   980 00000B3F E891F7                      call setup_vesa                  ; real mode; sets vesa_ok + mode + lfb + geom
   981 00000B42 803E[6F15]00                cmp  byte [vesa_ok], 0
   982 00000B47 7420                        je   .vm_text
   983 00000B49 E8C0F9                      call program_palette             ; real mode INT 10h: forest DAC (8bpp)
   984 00000B4C C706[C115][280C]            mov  word [pm_fn], pm_all         ; paint full chrome once
   985 00000B52 E87300                      call run_in_pm
   986 00000B55 E8FEFE                      call boot_menu_loop              ; AX = selected entry (real-mode input)
   987 00000B58 83F803                      cmp  ax, ENTRY_REBOOT            ; reboot entry loads nothing
   988 00000B5B 730B                        jae  .vm_ret
   989 00000B5D 50                          push ax
   990 00000B5E C706[C115][4C0C]            mov  word [pm_fn], pm_loading    ; in-place graphical load indicator
   991 00000B64 E86100                      call run_in_pm
   992 00000B67 58                          pop  ax
   993                                  .vm_ret:
   994 00000B68 C3                          ret
   995                                  .vm_text:
   996 00000B69 E85801                      call text_mode_menu
   997 00000B6C C3                          ret
   998                                  
   999                                  ; ============================================================================
  1000                                  ; vesa_teardown: restore text mode 03h and clear framebuffer info (no-op if the
  1001                                  ; graphical menu was never entered). Called after the kernel is loaded so the
  1002                                  ; loading screen stays visible during the disk read, and so the multiboot
  1003                                  ; handoff matches the proven text-mode path exactly.
  1004                                  ; ============================================================================
  1005                                  vesa_teardown:
  1006 00000B6D 803E[6F15]00                cmp  byte [vesa_ok], 0
  1007 00000B72 7453                        je   .vt_done
  1008 00000B74 B80300                      mov  ax, 0x0003
  1009 00000B77 CD10                        int  0x10
  1010 00000B79 06                          push es
  1011 00000B7A 31C9                        xor  cx, cx
  1012 00000B7C 8EC1                        mov  es, cx
  1013 00000B7E 266683260810FD              and  dword [es:boot_info + foreboots_boot_info.flags], 0xFFFFFFFD
  1014 00000B85 2666C7062810000000-         mov  dword [es:boot_info + foreboots_boot_info.framebuffer_addr], 0
  1014 00000B8E 00                 
  1015 00000B8F 2666C7062C10000000-         mov  dword [es:boot_info + foreboots_boot_info.framebuffer_addr + 4], 0
  1015 00000B98 00                 
  1016 00000B99 2666C7063410000000-         mov  dword [es:boot_info + foreboots_boot_info.framebuffer_width], 0
  1016 00000BA2 00                 
  1017 00000BA3 2666C7063810000000-         mov  dword [es:boot_info + foreboots_boot_info.framebuffer_height], 0
  1017 00000BAC 00                 
  1018 00000BAD 2666C7063C10000000-         mov  dword [es:boot_info + foreboots_boot_info.framebuffer_bpp], 0
  1018 00000BB6 00                 
  1019 00000BB7 2666C7064010020000-         mov  dword [es:boot_info + foreboots_boot_info.framebuffer_type], 2
  1019 00000BC0 00                 
  1020 00000BC1 07                          pop  es
  1021 00000BC2 C606[6F15]00                mov  byte [vesa_ok], 0
  1022                                  .vt_done:
  1023 00000BC7 C3                          ret
  1024                                  
  1025                                  ; ============================================================================
  1026                                  ; run_in_pm: run the 16-bit draw routine at [pm_fn] from PROTECTED mode.
  1027                                  ; LFB stores (fs:[phys]) are invisible in real/unreal mode on QEMU but work in
  1028                                  ; protected mode, so each repaint briefly enters 16-bit PM with:
  1029                                  ;   CS  = 0x18 (16-bit code, base 0x8000)   -> ORG-relative code runs correctly
  1030                                  ;   DS/ES = 0x20 (data, base 0x8000)        -> variable/string access unchanged
  1031                                  ;   FS  = 0x10 (flat, base 0)               -> LFB at its physical address
  1032                                  ;   SS  = 0x28 (data, base 0x70000)         -> same physical stack as real mode
  1033                                  ; SP is never changed, so real-mode CALL/RET framing is preserved.
  1034                                  ; ============================================================================
  1035                                  run_in_pm:
  1036 00000BC8 9C                          pushf
  1037 00000BC9 FA                          cli
  1038 00000BCA 0F010E[C315]                sidt [rp_idt]                    ; save real-mode IVT pointer
  1039 00000BCF 0F0116[6815]                lgdt [gdt_pm_desc]
  1040 00000BD4 0F20C0                      mov  eax, cr0
  1041 00000BD7 6683C801                    or   eax, 1
  1042 00000BDB 0F22C0                      mov  cr0, eax
  1043 00000BDE EA[E30B]1800                jmp  0x0018:.pm                  ; load 16-bit PM code selector (base 0x8000)
  1044                                  .pm:
  1045 00000BE3 B82000                      mov  ax, 0x0020
  1046 00000BE6 8ED8                        mov  ds, ax
  1047 00000BE8 8EC0                        mov  es, ax
  1048 00000BEA B81000                      mov  ax, 0x0010
  1049 00000BED 8EE0                        mov  fs, ax
  1050 00000BEF B82800                      mov  ax, 0x0028
  1051 00000BF2 8ED0                        mov  ss, ax
  1052 00000BF4 FF16[C115]                  call [pm_fn]                     ; draw (writes LFB via fs:[phys])
  1053 00000BF8 FA                          cli
  1054 00000BF9 B82800                      mov  ax, 0x0028                  ; 64K-limit data selectors for real return
  1055 00000BFC 8ED8                        mov  ds, ax
  1056 00000BFE 8EC0                        mov  es, ax
  1057 00000C00 8EE0                        mov  fs, ax
  1058 00000C02 8EE8                        mov  gs, ax
  1059 00000C04 0F20C0                      mov  eax, cr0
  1060 00000C07 6683E0FE                    and  eax, 0xFFFFFFFE
  1061 00000C0B 0F22C0                      mov  cr0, eax
  1062 00000C0E EA[130C]0008                jmp  0x0800:.real                ; reload CS with a real-mode segment
  1063                                  .real:
  1064 00000C13 B80070                      mov  ax, 0x7000
  1065 00000C16 8ED0                        mov  ss, ax                      ; restore real-mode stack (SP preserved)
  1066 00000C18 B80008                      mov  ax, 0x0800
  1067 00000C1B 8ED8                        mov  ds, ax
  1068 00000C1D 31C0                        xor  ax, ax
  1069 00000C1F 8EC0                        mov  es, ax
  1070 00000C21 0F011E[C315]                lidt [rp_idt]                    ; restore real-mode IVT
  1071 00000C26 9D                          popf
  1072 00000C27 C3                          ret
  1073                                  
  1074                                  ; PM draw dispatch targets (executed inside run_in_pm, 16-bit PM).
  1075                                  pm_all:
  1076 00000C28 E856FB                      call draw_background
  1077 00000C2B E874FB                      call draw_tree_logo
  1078 00000C2E E8FCFB                      call draw_title_bar
  1079 00000C31 E84BFC                      call draw_menu_panel
  1080 00000C34 E8C0FC                      call draw_boot_entries
  1081 00000C37 E886FD                      call draw_footer
  1082 00000C3A E8C4FD                      call draw_timer_display
  1083 00000C3D C3                          ret
  1084                                  pm_menu:
  1085 00000C3E E83EFC                      call draw_menu_panel
  1086 00000C41 E8B3FC                      call draw_boot_entries
  1087 00000C44 E8BAFD                      call draw_timer_display
  1088 00000C47 C3                          ret
  1089                                  pm_timer:
  1090 00000C48 E8B6FD                      call draw_timer_display
  1091 00000C4B C3                          ret
  1092                                  ; In-place graphical "Loading" indicator (drawn once before the kernel is
  1093                                  ; streamed). No per-chunk text output, so nothing ever scrolls on the BIOS path.
  1094                                  pm_loading:
  1095 00000C4C C706[B015]A600              mov  word [fb_x], MENU_X + 6
  1096 00000C52 C706[B215]F000              mov  word [fb_y], ENTRY_Y_START
  1097 00000C58 C706[B415]D401              mov  word [fb_w], MENU_W - 12
  1098 00000C5E C706[B615]9600              mov  word [fb_h], 150
  1099 00000C64 C606[B815]11                mov  byte [fb_c], FOREB_PANEL
  1100 00000C69 E89EF9                      call fill_box
  1101 00000C6C C706[BB15]C800              mov  word [dc_x], MENU_X + 40
  1102 00000C72 C706[BD15]1C01              mov  word [dc_y], ENTRY_Y_START + 44
  1103 00000C78 C606[C015]14                mov  byte [dc_color], FOREB_TITLE
  1104 00000C7D BE[8616]                    mov  si, str_loading
  1105 00000C80 E8E4FA                      call gprint
  1106 00000C83 C706[B015]C600              mov  word [fb_x], MENU_X + 38
  1107 00000C89 C706[B215]3601              mov  word [fb_y], ENTRY_Y_START + 70
  1108 00000C8F C706[B415]9401              mov  word [fb_w], MENU_W - 76
  1109 00000C95 C706[B615]1200              mov  word [fb_h], 18
  1110 00000C9B C606[B815]12                mov  byte [fb_c], FOREB_BORDER
  1111 00000CA0 E8C7F9                      call rect_outline
  1112 00000CA3 C706[B015]C800              mov  word [fb_x], MENU_X + 40
  1113 00000CA9 C706[B215]3801              mov  word [fb_y], ENTRY_Y_START + 72
  1114 00000CAF C706[B415]9001              mov  word [fb_w], MENU_W - 80
  1115 00000CB5 C706[B615]0E00              mov  word [fb_h], 14
  1116 00000CBB C606[B815]13                mov  byte [fb_c], FOREB_SELECT
  1117 00000CC0 E847F9                      call fill_box
  1118 00000CC3 C3                          ret
  1119                                  %endif ; ===== end disabled VBE code =====
  1120                                  
  1121                                  ; ============================================================================
  1122                                  ; Text-mode fallback menu. Returns AX = selected entry.
  1123                                  ; ============================================================================
  1124                                  text_mode_menu:
  1125 00000CC4 B80300                      mov  ax, 0x0003
  1126 00000CC7 CD10                        int  0x10
  1127 00000CC9 B401                        mov  ah, 0x01
  1128 00000CCB B90020                      mov  cx, 0x2000
  1129 00000CCE CD10                        int  0x10
  1130                                  .tm_redraw:
  1131 00000CD0 B80300                      mov  ax, 0x0003
  1132 00000CD3 CD10                        int  0x10
  1133 00000CD5 BE[6617]                    mov  si, str_textbanner
  1134 00000CD8 E89800                      call bios_print
  1135 00000CDB BE[F519]                    mov  si, str_nokernel
  1136 00000CDE E89200                      call bios_print
  1137 00000CE1 B90000                      mov  cx, 0
  1138                                  .tm_entries:
  1139 00000CE4 83F904                      cmp  cx, BOOT_ENTRY_COUNT
  1140 00000CE7 7D26                        jge  .tm_wait_key
  1141 00000CE9 3B0E[9C15]                  cmp  cx, [selected_entry]
  1142 00000CED 7505                        jne  .tm_no_arrow
  1143 00000CEF BE[421A]                    mov  si, str_arrow
  1144 00000CF2 EB03                        jmp  .tm_print_arrow
  1145                                  .tm_no_arrow:
  1146 00000CF4 BE[471A]                    mov  si, str_noarrow
  1147                                  .tm_print_arrow:
  1148 00000CF7 E87900                      call bios_print
  1149 00000CFA 0FB7D9                      movzx bx, cx
  1150 00000CFD D1E3                        shl   bx, 1
  1151 00000CFF 8BB7[ED1A]                  mov   si, [entry_labels + bx]
  1152 00000D03 E86D00                      call  bios_print
  1153 00000D06 BE[4C1A]                    mov   si, str_crlf
  1154 00000D09 E86700                      call  bios_print
  1155 00000D0C 41                          inc  cx
  1156 00000D0D EBD5                        jmp  .tm_entries
  1157                                  .tm_wait_key:
  1158 00000D0F BE[C018]                    mov  si, str_textfooter
  1159 00000D12 E85E00                      call bios_print
  1160 00000D15 B400                        mov  ah, 0x00
  1161 00000D17 CD16                        int  0x16
  1162 00000D19 E6E9                        out  0xE9, al             ; DEBUG: ASCII code of key
  1163 00000D1B 88E0                        mov  al, ah
  1164 00000D1D E6E9                        out  0xE9, al             ; DEBUG: scan code of key
  1165 00000D1F 0E                          push cs
  1166 00000D20 1F                          pop  ds
  1167 00000D21 80FC48                      cmp  ah, KEY_UP
  1168 00000D24 740C                        je   .tm_up
  1169 00000D26 80FC50                      cmp  ah, KEY_DOWN
  1170 00000D29 7419                        je   .tm_down
  1171 00000D2B 80FC1C                      cmp  ah, KEY_ENTER
  1172 00000D2E 742F                        je   .tm_done
  1173 00000D30 EBDD                        jmp  .tm_wait_key
  1174                                  .tm_up:
  1175 00000D32 B007                        mov  al, 0x07
  1176 00000D34 E83100                      call beep
  1177 00000D37 833E[9C15]00                cmp  word [selected_entry], 0
  1178 00000D3C 74D1                        je   .tm_wait_key
  1179 00000D3E FF0E[9C15]                  dec  word [selected_entry]
  1180 00000D42 EB8C                        jmp  .tm_redraw
  1181                                  .tm_down:
  1182 00000D44 B007                        mov  al, 0x07
  1183 00000D46 E81F00                      call beep
  1184 00000D49 FF06[9C15]                  inc  word [selected_entry]
  1185 00000D4D 833E[9C15]04                cmp  word [selected_entry], BOOT_ENTRY_COUNT
  1186 00000D52 0F8C7AFF                    jl   .tm_redraw
  1187 00000D56 C706[9C15]0000              mov  word [selected_entry], 0
  1188 00000D5C E971FF                      jmp  .tm_redraw
  1189                                  .tm_done:
  1190 00000D5F B00D                        mov  al, 0x0D
  1191 00000D61 E80400                      call beep
  1192 00000D64 A1[9C15]                    mov  ax, [selected_entry]
  1193 00000D67 C3                          ret
  1194                                  
  1195                                  ; ============================================================================
  1196                                  ; beep: output AL via INT 10h teletype (BEL=0x07 for standard beep)
  1197                                  ; ============================================================================
  1198                                  beep:
  1199 00000D68 50                          push ax
  1200 00000D69 53                          push bx
  1201 00000D6A B40E                        mov  ah, 0x0E
  1202 00000D6C 31DB                        xor  bx, bx
  1203 00000D6E CD10                        int  0x10
  1204 00000D70 5B                          pop  bx
  1205 00000D71 58                          pop  ax
  1206 00000D72 C3                          ret
  1207                                  
  1208                                  %if 0  ; ===== FORBSHELL recovery shell — removed to fit the graphical menu =====
  1209                                  ; ============================================================================
  1210                                  ; recovery_menu: FORB recovery interface. Returns to caller on "Retry" / Esc.
  1211                                  ; ============================================================================
  1212                                  recovery_menu:
  1213                                      mov  ax, 0x0003
  1214                                      int  0x10
  1215                                      mov  word [recov_sel], 0
  1216                                  .rm_redraw:
  1217                                      mov  ax, 0x0003
  1218                                      int  0x10
  1219                                      mov  si, str_recoverbanner
  1220                                      call bios_print
  1221                                      mov  cx, 0
  1222                                  .rm_entries:
  1223                                      cmp  cx, 4
  1224                                      jge  .rm_wait_key
  1225                                      cmp  cx, [recov_sel]
  1226                                      jne  .rm_no_arrow
  1227                                      mov  si, str_arrow
  1228                                      jmp  .rm_print
  1229                                  .rm_no_arrow:
  1230                                      mov  si, str_noarrow
  1231                                  .rm_print:
  1232                                      call bios_print
  1233                                      movzx bx, cx
  1234                                      shl   bx, 1
  1235                                      mov   si, [recov_labels + bx]
  1236                                      call  bios_print
  1237                                      mov   si, str_crlf
  1238                                      call  bios_print
  1239                                      inc  cx
  1240                                      jmp  .rm_entries
  1241                                  .rm_wait_key:
  1242                                      mov  si, str_recoverfooter
  1243                                      call bios_print
  1244                                      mov  ah, 0x00
  1245                                      int  0x16
  1246                                      cmp  ah, KEY_UP
  1247                                      je   .rm_up
  1248                                      cmp  ah, KEY_DOWN
  1249                                      je   .rm_down
  1250                                      cmp  ah, KEY_ENTER
  1251                                      je   .rm_select
  1252                                      cmp  ah, KEY_ESCAPE
  1253                                      je   .rm_exit
  1254                                      jmp  .rm_wait_key
  1255                                  .rm_up:
  1256                                      mov  al, 0x07
  1257                                      call beep
  1258                                      cmp  word [recov_sel], 0
  1259                                      je   .rm_wait_key
  1260                                      dec  word [recov_sel]
  1261                                      jmp  .rm_redraw
  1262                                  .rm_down:
  1263                                      mov  al, 0x07
  1264                                      call beep
  1265                                      inc  word [recov_sel]
  1266                                      cmp  word [recov_sel], 4
  1267                                      jl   .rm_redraw
  1268                                      mov  word [recov_sel], 0
  1269                                      jmp  .rm_redraw
  1270                                  .rm_select:
  1271                                      mov  al, 0x0D
  1272                                      call beep
  1273                                      mov  ax, [recov_sel]
  1274                                      cmp  ax, 0
  1275                                      je   forbshell            ; launch FORBSHELL
  1276                                      cmp  ax, 1
  1277                                      je   .rm_reboot
  1278                                      cmp  ax, 2
  1279                                      je   .rm_about
  1280                                      ret                        ; 3 = back to menu
  1281                                  .rm_reboot:
  1282                                      mov  si, str_rebooting
  1283                                      call bios_print
  1284                                      int  0x19
  1285                                      jmp  $
  1286                                  .rm_about:
  1287                                      mov  si, str_about
  1288                                      call bios_print
  1289                                      mov  ah, 0x00
  1290                                      int  0x16
  1291                                      jmp  .rm_redraw
  1292                                  .rm_exit:
  1293                                      ret
  1294                                  
  1295                                  ; ============================================================================
  1296                                  ; FORBSHELL — ForeB Recovery Shell
  1297                                  ; Full command-line interface for recovery and diagnostics.
  1298                                  ; ============================================================================
  1299                                  forbshell:
  1300                                      mov  ax, 0x0003
  1301                                      int  0x10
  1302                                      push cs
  1303                                      pop  ds
  1304                                      mov  al, 'S'              ; DEBUG: forbshell entered
  1305                                      out  0xE9, al
  1306                                      mov  byte [shell_exit], 0
  1307                                      mov  si, str_shell_banner
  1308                                      call bios_print
  1309                                  .fs_loop:
  1310                                      mov  si, str_shell_prompt
  1311                                      call bios_print
  1312                                      mov  di, cmd_buf
  1313                                      xor  cx, cx
  1314                                  .fs_read:
  1315                                      xor  ax, ax
  1316                                      int  0x16
  1317                                      xchg ax, bp              ; save keypress in BP (preserve AX for key checks)
  1318                                      push cs
  1319                                      pop  ds                  ; fix DS (INT may clobber it)
  1320                                      xchg ax, bp              ; restore keypress to AX
  1321                                      cmp  ah, 0x1C
  1322                                      je   .fs_enter
  1323                                      cmp  ah, 0x0E
  1324                                      je   .fs_bs
  1325                                      cmp  al, 0x20
  1326                                      jb   .fs_read
  1327                                      cmp  al, 0x7E
  1328                                      ja   .fs_read
  1329                                      cmp  cx, 78
  1330                                      jae  .fs_full
  1331                                      mov  [di], al
  1332                                      inc  di
  1333                                      inc  cx
  1334                                      mov  ah, 0x0E
  1335                                      int  0x10
  1336                                      push cs
  1337                                      pop  ds
  1338                                      jmp  .fs_read
  1339                                  .fs_bs:
  1340                                      test cx, cx
  1341                                      jz   .fs_read
  1342                                      dec  di
  1343                                      dec  cx
  1344                                      mov  al, 0x08
  1345                                      mov  ah, 0x0E
  1346                                      int  0x10
  1347                                      push cs
  1348                                      pop  ds
  1349                                      mov  al, 0x20
  1350                                      int  0x10
  1351                                      push cs
  1352                                      pop  ds
  1353                                      mov  al, 0x08
  1354                                      int  0x10
  1355                                      push cs
  1356                                      pop  ds
  1357                                      jmp  .fs_read
  1358                                  .fs_full:
  1359                                      mov  al, 0x07
  1360                                      mov  ah, 0x0E
  1361                                      int  0x10
  1362                                      jmp  .fs_read
  1363                                  .fs_enter:
  1364                                      mov  byte [di], 0
  1365                                      mov  si, str_crlf
  1366                                      call bios_print
  1367                                      cmp  byte [cmd_buf], 0
  1368                                      je   .fs_loop
  1369                                      call shell_dispatch
  1370                                      cmp  byte [shell_exit], 1
  1371                                      je   .fs_done
  1372                                      jmp  .fs_loop
  1373                                  .fs_done:
  1374                                      ret
  1375                                  
  1376                                  ; ============================================================================
  1377                                  ; shell_dispatch: parse cmd_buf, find matching command, call handler
  1378                                  ; ============================================================================
  1379                                  shell_dispatch:
  1380                                      push ax
  1381                                      push bx
  1382                                      push si
  1383                                      push di
  1384                                      push cs
  1385                                      pop  ds
  1386                                      mov  si, cmd_buf
  1387                                  .sd_skip:
  1388                                      cmp  byte [si], ' '
  1389                                      jne  .sd_find
  1390                                      inc  si
  1391                                      jmp  .sd_skip
  1392                                  .sd_find:
  1393                                      mov  bx, cmd_table
  1394                                  .sd_loop:
  1395                                      mov  di, [bx]
  1396                                      test di, di
  1397                                      jz   .sd_unknown
  1398                                      push si
  1399                                      push di
  1400                                      call shell_strcmp
  1401                                      pop  di
  1402                                      pop  si
  1403                                      je   .sd_match
  1404                                      add  bx, 4
  1405                                      jmp  .sd_loop
  1406                                  .sd_match:
  1407                                      call [bx + 2]
  1408                                      pop  di
  1409                                      pop  si
  1410                                      pop  bx
  1411                                      pop  ax
  1412                                      ret
  1413                                  .sd_unknown:
  1414                                      mov  si, str_unknown
  1415                                      call bios_print
  1416                                      mov  si, cmd_buf
  1417                                      call bios_print
  1418                                      mov  si, str_crlf
  1419                                      call bios_print
  1420                                      pop  di
  1421                                      pop  si
  1422                                      pop  bx
  1423                                      pop  ax
  1424                                      ret
  1425                                  
  1426                                  ; ============================================================================
  1427                                  ; shell_strcmp: case-insensitive null-terminated compare DS:SI vs DS:DI
  1428                                  ; Returns ZF=1 if equal. Clobbers AL, BL.
  1429                                  ; ============================================================================
  1430                                  shell_strcmp:
  1431                                  .sc_loop:
  1432                                      lodsb
  1433                                      mov  bl, [di]
  1434                                      inc  di
  1435                                      cmp  al, 'A'
  1436                                      jb   .sc_al
  1437                                      cmp  al, 'Z'
  1438                                      ja   .sc_al
  1439                                      add  al, 32
  1440                                  .sc_al:
  1441                                      cmp  bl, 'A'
  1442                                      jb   .sc_bl
  1443                                      cmp  bl, 'Z'
  1444                                      ja   .sc_bl
  1445                                      add  bl, 32
  1446                                  .sc_bl:
  1447                                      cmp  al, bl
  1448                                      jne  .sc_neq
  1449                                      test al, al
  1450                                      jz   .sc_eq
  1451                                      jmp  .sc_loop
  1452                                  .sc_eq:
  1453                                      ret
  1454                                  .sc_neq:
  1455                                      ret
  1456                                  
  1457                                  ; ============================================================================
  1458                                  ; print_hex32: print EAX as 8-digit hex (DS=0x0800, uses INT 10h)
  1459                                  ; ============================================================================
  1460                                  print_hex32:
  1461                                      push eax
  1462                                      push bx
  1463                                      push cx
  1464                                      mov  cx, 8
  1465                                  .ph_loop:
  1466                                      rol  eax, 4
  1467                                      mov  bl, al
  1468                                      and  bl, 0x0F
  1469                                      cmp  bl, 10
  1470                                      jb   .ph_dig
  1471                                      add  bl, 'A' - 10
  1472                                      jmp  .ph_out
  1473                                  .ph_dig:
  1474                                      add  bl, '0'
  1475                                  .ph_out:
  1476                                      mov  al, bl
  1477                                      mov  ah, 0x0E
  1478                                      int  0x10
  1479                                      loop .ph_loop
  1480                                      pop  cx
  1481                                      pop  bx
  1482                                      pop  eax
  1483                                      ret
  1484                                  
  1485                                  ; ============================================================================
  1486                                  ; print_dec: print AX as unsigned decimal
  1487                                  ; ============================================================================
  1488                                  print_dec:
  1489                                      push ax
  1490                                      push bx
  1491                                      push cx
  1492                                      push dx
  1493                                      mov  bx, 10
  1494                                      xor  cx, cx
  1495                                  .pd_loop:
  1496                                      xor  dx, dx
  1497                                      div  bx
  1498                                      push dx
  1499                                      inc  cx
  1500                                      test ax, ax
  1501                                      jnz  .pd_loop
  1502                                  .pd_print:
  1503                                      pop  ax
  1504                                      add  al, '0'
  1505                                      mov  ah, 0x0E
  1506                                      int  0x10
  1507                                      loop .pd_print
  1508                                      pop  dx
  1509                                      pop  cx
  1510                                      pop  bx
  1511                                      pop  ax
  1512                                      ret
  1513                                  
  1514                                  ; ============================================================================
  1515                                  ; print_hexbyte: print AL as 2-digit hex
  1516                                  ; ============================================================================
  1517                                  print_hexbyte:
  1518                                      push ax
  1519                                      push bx
  1520                                      push cx
  1521                                      mov  cx, 2
  1522                                  .phb_loop:
  1523                                      rol  al, 4
  1524                                      mov  bl, al
  1525                                      and  bl, 0x0F
  1526                                      cmp  bl, 10
  1527                                      jb   .phb_dig
  1528                                      add  bl, 'A' - 10
  1529                                      jmp  .phb_out
  1530                                  .phb_dig:
  1531                                      add  bl, '0'
  1532                                  .phb_out:
  1533                                      mov  al, bl
  1534                                      push cx
  1535                                      mov  ah, 0x0E
  1536                                      int  0x10
  1537                                      pop  cx
  1538                                      loop .phb_loop
  1539                                      pop  cx
  1540                                      pop  bx
  1541                                      pop  ax
  1542                                      ret
  1543                                  
  1544                                  ; ============================================================================
  1545                                  ; FORBSHELL command handlers
  1546                                  ; ============================================================================
  1547                                  cmd_help:
  1548                                      mov  si, str_help_text
  1549                                      call bios_print
  1550                                      ret
  1551                                  
  1552                                  cmd_ver:
  1553                                      mov  si, str_version
  1554                                      call bios_print
  1555                                      ret
  1556                                  
  1557                                  cmd_info:
  1558                                      push es
  1559                                      xor  ax, ax
  1560                                      mov  es, ax
  1561                                      mov  si, str_info_hdr
  1562                                      call bios_print
  1563                                      ; Magic
  1564                                      mov  si, str_info_magic
  1565                                      call bios_print
  1566                                      mov  eax, [es:boot_info + foreboots_boot_info.magic]
  1567                                      call print_hex32
  1568                                      mov  si, str_crlf
  1569                                      call bios_print
  1570                                      ; Memory
  1571                                      mov  si, str_info_mem
  1572                                      call bios_print
  1573                                      mov  ax, [es:boot_info + foreboots_boot_info.mem_lower]
  1574                                      call print_dec
  1575                                      mov  si, str_info_k_lower
  1576                                      call bios_print
  1577                                      mov  ax, [es:boot_info + foreboots_boot_info.mem_upper]
  1578                                      call print_dec
  1579                                      mov  si, str_info_k_upper
  1580                                      call bios_print
  1581                                      ; Disk
  1582                                      mov  si, str_info_disk
  1583                                      call bios_print
  1584                                      movzx eax, byte [es:boot_info + foreboots_boot_info.boot_disk]
  1585                                      call print_hex32
  1586                                      mov  si, str_crlf
  1587                                      call bios_print
  1588                                      ; E820 count
  1589                                      mov  si, str_info_mmap
  1590                                      call bios_print
  1591                                      mov  ax, [es:boot_info + foreboots_boot_info.mmap_count]
  1592                                      call print_dec
  1593                                      mov  si, str_crlf
  1594                                      call bios_print
  1595                                      pop  es
  1596                                      ret
  1597                                  
  1598                                  cmd_mem:
  1599                                      push es
  1600                                      xor  ax, ax
  1601                                      mov  es, ax
  1602                                      mov  si, str_mem_hdr
  1603                                      call bios_print
  1604                                      movzx cx, word [es:boot_info + foreboots_boot_info.mmap_count]
  1605                                      test cx, cx
  1606                                      jz   .cm_none
  1607                                      mov  si, foreb_mmap     ; ES:SI = mmap array at 0x1100
  1608                                  .cm_loop:
  1609                                      push cx
  1610                                      mov  si, str_mem_entry
  1611                                      call bios_print
  1612                                      ; Base (low 32 bits)
  1613                                      mov  eax, [es:si + foreboots_mmap_entry.base]
  1614                                      call print_hex32
  1615                                      mov  si, str_mem_sep
  1616                                      call bios_print
  1617                                      ; Length (low 32 bits)
  1618                                      mov  eax, [es:si + foreboots_mmap_entry.length]
  1619                                      call print_hex32
  1620                                      mov  si, str_mem_sep
  1621                                      call bios_print
  1622                                      ; Type
  1623                                      movzx eax, byte [es:si + foreboots_mmap_entry.type]
  1624                                      call print_hex32
  1625                                      mov  si, str_crlf
  1626                                      call bios_print
  1627                                      add  si, foreboots_mmap_entry_size
  1628                                      pop  cx
  1629                                      loop .cm_loop
  1630                                      pop  es
  1631                                      ret
  1632                                  .cm_none:
  1633                                      mov  si, str_mem_none
  1634                                      call bios_print
  1635                                      pop  es
  1636                                      ret
  1637                                  
  1638                                  cmd_cpu:
  1639                                      push es
  1640                                      xor  ax, ax
  1641                                      mov  es, ax
  1642                                      mov  si, str_cpu_hdr
  1643                                      call bios_print
  1644                                      mov  si, str_cpu_cpuid
  1645                                      call bios_print
  1646                                      mov  al, [es:boot_info + foreboots_boot_info.cpuid_available]
  1647                                      test al, al
  1648                                      jz   .cm_cpu_no
  1649                                      mov  si, str_yes
  1650                                      jmp  .cm_cpu_pr
  1651                                  .cm_cpu_no:
  1652                                      mov  si, str_no
  1653                                  .cm_cpu_pr:
  1654                                      call bios_print
  1655                                      mov  si, str_crlf
  1656                                      call bios_print
  1657                                      mov  si, str_cpu_lm
  1658                                      call bios_print
  1659                                      mov  al, [es:boot_info + foreboots_boot_info.long_mode_available]
  1660                                      test al, al
  1661                                      jz   .cm_lm_no
  1662                                      mov  si, str_yes
  1663                                      jmp  .cm_lm_pr
  1664                                  .cm_lm_no:
  1665                                      mov  si, str_no
  1666                                  .cm_lm_pr:
  1667                                      call bios_print
  1668                                      mov  si, str_crlf
  1669                                      call bios_print
  1670                                      mov  si, str_cpu_pae
  1671                                      call bios_print
  1672                                      mov  al, [es:boot_info + foreboots_boot_info.pae_available]
  1673                                      test al, al
  1674                                      jz   .cm_pae_no
  1675                                      mov  si, str_yes
  1676                                      jmp  .cm_pae_pr
  1677                                  .cm_pae_no:
  1678                                      mov  si, str_no
  1679                                  .cm_pae_pr:
  1680                                      call bios_print
  1681                                      mov  si, str_crlf
  1682                                      call bios_print
  1683                                      pop  es
  1684                                      ret
  1685                                  
  1686                                  cmd_disk:
  1687                                      push es
  1688                                      xor  ax, ax
  1689                                      mov  es, ax
  1690                                      mov  si, str_disk_hdr
  1691                                      call bios_print
  1692                                      mov  si, str_disk_drive
  1693                                      call bios_print
  1694                                      movzx eax, byte [es:boot_info + foreboots_boot_info.boot_disk]
  1695                                      call print_hex32
  1696                                      mov  si, str_crlf
  1697                                      call bios_print
  1698                                      mov  si, str_disk_lba
  1699                                      call bios_print
  1700                                      ; Check LBA support via INT 13h
  1701                                      mov  ah, 0x41
  1702                                      mov  bx, 0x55AA
  1703                                      mov  dl, [es:boot_info + foreboots_boot_info.boot_disk]
  1704                                      int  0x13
  1705                                      jc   .cd_no
  1706                                      cmp  bx, 0xAA55
  1707                                      jne  .cd_no
  1708                                      mov  si, str_yes
  1709                                      jmp  .cd_pr
  1710                                  .cd_no:
  1711                                      mov  si, str_no
  1712                                  .cd_pr:
  1713                                      call bios_print
  1714                                      mov  si, str_crlf
  1715                                      call bios_print
  1716                                      pop  es
  1717                                      ret
  1718                                  
  1719                                  cmd_clear:
  1720                                      mov  ax, 0x0003
  1721                                      int  0x10
  1722                                      ret
  1723                                  
  1724                                  cmd_reboot:
  1725                                      mov  si, str_rebooting
  1726                                      call bios_print
  1727                                      int  0x19
  1728                                      jmp  $
  1729                                  
  1730                                  cmd_about:
  1731                                      mov  si, str_about
  1732                                      call bios_print
  1733                                      ret
  1734                                  
  1735                                  cmd_date:
  1736                                      mov  si, str_date_hdr
  1737                                      call bios_print
  1738                                      ; Read RTC date/time from CMOS (BCD format)
  1739                                      mov  al, 0x04            ; Hours
  1740                                      out  0x70, al
  1741                                      in   al, 0x71
  1742                                      call print_hexbyte
  1743                                      mov  al, ':'
  1744                                      mov  ah, 0x0E
  1745                                      int  0x10
  1746                                      mov  al, 0x02            ; Minutes
  1747                                      out  0x70, al
  1748                                      in   al, 0x71
  1749                                      call print_hexbyte
  1750                                      mov  al, ':'
  1751                                      mov  ah, 0x0E
  1752                                      int  0x10
  1753                                      mov  al, 0x00            ; Seconds
  1754                                      out  0x70, al
  1755                                      in   al, 0x71
  1756                                      call print_hexbyte
  1757                                      mov  si, str_date_space
  1758                                      call bios_print
  1759                                      mov  al, 0x08            ; Month
  1760                                      out  0x70, al
  1761                                      in   al, 0x71
  1762                                      call print_hexbyte
  1763                                      mov  al, '/'
  1764                                      mov  ah, 0x0E
  1765                                      int  0x10
  1766                                      mov  al, 0x07            ; Day
  1767                                      out  0x70, al
  1768                                      in   al, 0x71
  1769                                      call print_hexbyte
  1770                                      mov  al, '/'
  1771                                      mov  ah, 0x0E
  1772                                      int  0x10
  1773                                      mov  al, 0x09            ; Year
  1774                                      out  0x70, al
  1775                                      in   al, 0x71
  1776                                      call print_hexbyte
  1777                                      mov  si, str_crlf
  1778                                      call bios_print
  1779                                      ret
  1780                                  
  1781                                  cmd_beep:
  1782                                      mov  al, 0x07
  1783                                      mov  ah, 0x0E
  1784                                      int  0x10
  1785                                      ret
  1786                                  
  1787                                  cmd_exit:
  1788                                      mov  byte [shell_exit], 1
  1789                                      mov  si, str_exit_msg
  1790                                      call bios_print
  1791                                      ret
  1792                                  
  1793                                  ; ============================================================================
  1794                                  ; FORBSHELL command table (name_ptr, handler_ptr pairs, null-terminated)
  1795                                  ; ============================================================================
  1796                                  cmd_table:
  1797                                      dw cmd_name_help,   cmd_help
  1798                                      dw cmd_name_ver,    cmd_ver
  1799                                      dw cmd_name_info,   cmd_info
  1800                                      dw cmd_name_mem,    cmd_mem
  1801                                      dw cmd_name_cpu,    cmd_cpu
  1802                                      dw cmd_name_disk,   cmd_disk
  1803                                      dw cmd_name_clear,  cmd_clear
  1804                                      dw cmd_name_cls,    cmd_clear
  1805                                      dw cmd_name_reboot, cmd_reboot
  1806                                      dw cmd_name_about,  cmd_about
  1807                                      dw cmd_name_date,   cmd_date
  1808                                      dw cmd_name_beep,   cmd_beep
  1809                                      dw cmd_name_exit,   cmd_exit
  1810                                      dw 0, 0
  1811                                  
  1812                                  cmd_name_help:   db "help", 0
  1813                                  cmd_name_ver:    db "ver", 0
  1814                                  cmd_name_info:   db "info", 0
  1815                                  cmd_name_mem:    db "mem", 0
  1816                                  cmd_name_cpu:    db "cpu", 0
  1817                                  cmd_name_disk:   db "disk", 0
  1818                                  cmd_name_clear:  db "clear", 0
  1819                                  cmd_name_cls:    db "cls", 0
  1820                                  cmd_name_reboot: db "reboot", 0
  1821                                  cmd_name_about:  db "about", 0
  1822                                  cmd_name_date:   db "date", 0
  1823                                  cmd_name_beep:   db "beep", 0
  1824                                  cmd_name_exit:   db "exit", 0
  1825                                  
  1826                                  ; ============================================================================
  1827                                  ; FORBSHELL strings
  1828                                  ; ============================================================================
  1829                                  str_shell_banner: db 0x0D, 0x0A, "FORBSHELL v1.0 - ForeB Recovery Shell", 0x0D, 0x0A
  1830                                                     db "Type 'help' for available commands.", 0x0D, 0x0A, 0x0D, 0x0A, 0
  1831                                  str_shell_prompt: db "forb$ ", 0
  1832                                  str_unknown:      db "unknown command: ", 0
  1833                                  str_help_text:    db "Available commands:", 0x0D, 0x0A
  1834                                                     db "  help     Show this help", 0x0D, 0x0A
  1835                                                     db "  ver      ForeB version", 0x0D, 0x0A
  1836                                                     db "  info     Boot information", 0x0D, 0x0A
  1837                                                     db "  mem      Memory map (E820)", 0x0D, 0x0A
  1838                                                     db "  cpu      CPU capabilities", 0x0D, 0x0A
  1839                                                     db "  disk     Disk info", 0x0D, 0x0A
  1840                                                     db "  clear    Clear screen", 0x0D, 0x0A
  1841                                                     db "  reboot   Reboot system", 0x0D, 0x0A
  1842                                                     db "  about    About ForeB", 0x0D, 0x0A
  1843                                                     db "  date     RTC date/time", 0x0D, 0x0A
  1844                                                     db "  beep     Test beep", 0x0D, 0x0A
  1845                                                     db "  exit     Return to menu", 0x0D, 0x0A, 0
  1846                                  str_version:      db "ForeB v2.0 - Forest Bootloader", 0x0D, 0x0A, 0
  1847                                  str_exit_msg:     db 0x0D, 0x0A, "Returning to menu...", 0x0D, 0x0A, 0
  1848                                  str_info_hdr:     db "ForeB Boot Info:", 0x0D, 0x0A, 0
  1849                                  str_info_magic:   db "  Magic: 0x", 0
  1850                                  str_info_mem:     db "  Memory: ", 0
  1851                                  str_info_k_lower: db "K lower, ", 0
  1852                                  str_info_k_upper: db "K upper", 0x0D, 0x0A, 0
  1853                                  str_info_disk:    db "  Boot disk: 0x", 0
  1854                                  str_info_mmap:    db "  E820 entries: ", 0
  1855                                  str_mem_hdr:      db "E820 Memory Map:", 0x0D, 0x0A, 0
  1856                                  str_mem_entry:    db "  ", 0
  1857                                  str_mem_sep:      db "  ", 0
  1858                                  str_mem_none:     db "  (no entries)", 0x0D, 0x0A, 0
  1859                                  str_cpu_hdr:      db "CPU Capabilities:", 0x0D, 0x0A, 0
  1860                                  str_cpu_cpuid:    db "  CPUID: ", 0
  1861                                  str_cpu_lm:       db "  Long mode: ", 0
  1862                                  str_cpu_pae:      db "  PAE: ", 0
  1863                                  str_yes:          db "yes", 0x0D, 0x0A, 0
  1864                                  str_no:           db "no", 0x0D, 0x0A, 0
  1865                                  str_disk_hdr:     db "Disk Info:", 0x0D, 0x0A, 0
  1866                                  str_disk_drive:   db "  Drive: 0x", 0
  1867                                  str_disk_lba:     db "  LBA support: ", 0
  1868                                  str_date_hdr:     db "RTC: ", 0
  1869                                  str_date_space:   db "  ", 0
  1870                                  
  1871                                  ; ============================================================================
  1872                                  ; FORBSHELL data
  1873                                  ; ============================================================================
  1874                                  cmd_buf:    times 80 db 0
  1875                                  shell_exit: db 0
  1876                                  %endif ; ===== end FORBSHELL recovery shell =====
  1877                                  
  1878                                  ; ============================================================================
  1879                                  ; bios_print: null-terminated string SI via INT 10h teletype (DS=0x0800)
  1880                                  ; ============================================================================
  1881                                  bios_print:
  1882 00000D73 50                          push ax
  1883 00000D74 53                          push bx
  1884 00000D75 1E                          push ds
  1885 00000D76 0E                          push cs
  1886 00000D77 1F                          pop  ds
  1887                                  .bp_loop:
  1888 00000D78 AC                          lodsb
  1889 00000D79 84C0                        test al, al
  1890 00000D7B 740C                        jz   .bp_done
  1891 00000D7D B40E                        mov  ah, 0x0E
  1892 00000D7F 31DB                        xor  bx, bx
  1893 00000D81 B307                        mov  bl, 0x07
  1894 00000D83 CD10                        int  0x10
  1895 00000D85 0E                          push cs
  1896 00000D86 1F                          pop  ds
  1897 00000D87 EBEF                        jmp  .bp_loop
  1898                                  .bp_done:
  1899 00000D89 1F                          pop  ds
  1900 00000D8A 5B                          pop  bx
  1901 00000D8B 58                          pop  ax
  1902 00000D8C C3                          ret
  1903                                  
  1904                                  ; ============================================================================
  1905                                  ; Disk loading: LBA reads with CHS fallback, chunked to 63 sectors per call.
  1906                                  ;   EAX = starting LBA (relative to boot image), ECX = total sectors,
  1907                                  ;   ESI = physical destination.
  1908                                  ; The CD LBA base offset (stored at LBA_BASE_OFFSET by stage1) is added to
  1909                                  ; EAX once so the read hits the correct ISO sector on El Torito no-emulation
  1910                                  ; boot.  On hard disk the offset is 0 and this is a no-op.
  1911                                  ; Returns CF=0 on success, CF=1 on error. Preserves EBX/EDX, advances EAX/ECX/ESI.
  1912                                  ; ============================================================================
  1913                                  disk_load:
  1914 00000D8D 6653                        push ebx
  1915 00000D8F 6652                        push edx
  1916 00000D91 266603061005                add  eax, [es:LBA_BASE_OFFSET]   ; add CD base offset (0 for hard disk)
  1917 00000D97 6689CB                      mov  ebx, ecx                  ; EBX = remaining sectors
  1918                                  .dl_loop:
  1919 00000D9A 6685DB                      test ebx, ebx
  1920 00000D9D 0F842B01                    jz   .dl_done
  1921 00000DA1 6689D9                      mov  ecx, ebx
  1922 00000DA4 6683F93F                    cmp  ecx, 63
  1923 00000DA8 7606                        jbe  .dl_chunk_ok
  1924 00000DAA 66B93F000000                mov  ecx, 63
  1925                                  .dl_chunk_ok:
  1926 00000DB0 6653                        push ebx
  1927                                      lba_read_one (boot_info + foreboots_boot_info.boot_disk)
   148 00000DB2 6650                <1>  push eax
   149 00000DB4 6651                <1>  push ecx
   150 00000DB6 6652                <1>  push edx
   151 00000DB8 6656                <1>  push esi
   152 00000DBA 6657                <1>  push edi
   153 00000DBC 6653                <1>  push ebx
   154 00000DBE 6655                <1>  push ebp
   155 00000DC0 06                  <1>  push es
   156 00000DC1 1E                  <1>  push ds
   157 00000DC2 31C0                <1>  xor ax, ax
   158 00000DC4 8ED8                <1>  mov ds, ax
   159                              <1> 
   160 00000DC6 66A30805            <1>  mov [DAP_BUF + 8], eax
   161 00000DCA 66C7060C0500000000  <1>  mov dword [DAP_BUF + 12], 0
   162 00000DD3 6689CD              <1>  mov ebp, ecx
   163 00000DD6 6683FD3F            <1>  cmp ebp, 63
   164 00000DDA 7606                <1>  jbe %%lro_cnt_ok
   165 00000DDC 66BD3F000000        <1>  mov ebp, 63
   166                              <1> %%lro_cnt_ok:
   167                              <1> 
   168 00000DE2 6689F2              <1>  mov edx, esi
   169 00000DE5 66C1EA04            <1>  shr edx, 4
   170 00000DE9 6689F7              <1>  mov edi, esi
   171 00000DEC 6683E70F            <1>  and edi, 0x000F
   172 00000DF0 C70600051000        <1>  mov word [DAP_BUF + 0], 0x0010
   173 00000DF6 893E0405            <1>  mov [DAP_BUF + 4], di
   174 00000DFA 89160605            <1>  mov [DAP_BUF + 6], dx
   175                              <1> 
   176 00000DFE B441                <1>  mov ah, 0x41
   177 00000E00 BBAA55              <1>  mov bx, 0x55AA
   178 00000E03 8A160C10            <1>  mov dl, [%1]
   179 00000E07 CD13                <1>  int 0x13
   180 00000E09 721F                <1>  jc %%lro_chs
   181 00000E0B 81FB55AA            <1>  cmp bx, 0xAA55
   182 00000E0F 7519                <1>  jne %%lro_chs
   183 00000E11 F6C101              <1>  test cl, 0x01
   184 00000E14 7414                <1>  jz %%lro_chs
   185                              <1> 
   186 00000E16 892E0205            <1>  mov [DAP_BUF + 2], bp
   187 00000E1A BE0005              <1>  mov si, DAP_BUF
   188 00000E1D 8A160C10            <1>  mov dl, [%1]
   189 00000E21 B442                <1>  mov ah, 0x42
   190 00000E23 CD13                <1>  int 0x13
   191 00000E25 727D                <1>  jc %%lro_fail
   192 00000E27 F8                  <1>  clc
   193 00000E28 EB7B                <1>  jmp %%lro_ret
   194                              <1> 
   195                              <1> %%lro_chs:
   196 00000E2A 892E0205            <1>  mov [DAP_BUF + 2], bp
   197                              <1> %%lro_chs_loop:
   198 00000E2E 6685ED              <1>  test ebp, ebp
   199 00000E31 746E                <1>  jz %%lro_ok
   200 00000E33 66A10805            <1>  mov eax, [DAP_BUF + 8]
   201 00000E37 6631D2              <1>  xor edx, edx
   202 00000E3A 66B93F000000        <1>  mov ecx, 63
   203 00000E40 66F7F1              <1>  div ecx
   204 00000E43 6642                <1>  inc edx
   205 00000E45 6652                <1>  push edx
   206 00000E47 6631D2              <1>  xor edx, edx
   207 00000E4A 66B910000000        <1>  mov ecx, 16
   208 00000E50 66F7F1              <1>  div ecx
   209 00000E53 6652                <1>  push edx
   210 00000E55 88C5                <1>  mov ch, al
   211 00000E57 6689C2              <1>  mov edx, eax
   212 00000E5A 66C1EA08            <1>  shr edx, 8
   213 00000E5E 6681E2C0000000      <1>  and edx, 0xC0
   214 00000E65 6658                <1>  pop eax
   215 00000E67 88C6                <1>  mov dh, al
   216 00000E69 6658                <1>  pop eax
   217 00000E6B 88C1                <1>  mov cl, al
   218 00000E6D 08D1                <1>  or cl, dl
   219                              <1> 
   220 00000E6F 6689F0              <1>  mov eax, esi
   221 00000E72 66C1E804            <1>  shr eax, 4
   222 00000E76 6689F2              <1>  mov edx, esi
   223 00000E79 6683E20F            <1>  and edx, 0x0F
   224 00000E7D 06                  <1>  push es
   225 00000E7E 8EC0                <1>  mov es, ax
   226 00000E80 89D3                <1>  mov bx, dx
   227 00000E82 8A160C10            <1>  mov dl, [%1]
   228 00000E86 66B801020000        <1>  mov eax, 0x0201
   229 00000E8C CD13                <1>  int 0x13
   230 00000E8E 07                  <1>  pop es
   231 00000E8F 7213                <1>  jc %%lro_fail
   232 00000E91 66FF060805          <1>  inc dword [DAP_BUF + 8]
   233 00000E96 6681C600020000      <1>  add esi, 512
   234 00000E9D 664D                <1>  dec ebp
   235 00000E9F EB8D                <1>  jmp %%lro_chs_loop
   236                              <1> %%lro_ok:
   237 00000EA1 F8                  <1>  clc
   238 00000EA2 EB01                <1>  jmp %%lro_ret
   239                              <1> %%lro_fail:
   240 00000EA4 F9                  <1>  stc
   241                              <1> %%lro_ret:
   242 00000EA5 1F                  <1>  pop ds
   243 00000EA6 07                  <1>  pop es
   244 00000EA7 665D                <1>  pop ebp
   245 00000EA9 665B                <1>  pop ebx
   246 00000EAB 665F                <1>  pop edi
   247 00000EAD 665E                <1>  pop esi
   248 00000EAF 665A                <1>  pop edx
   249 00000EB1 6659                <1>  pop ecx
   250 00000EB3 6658                <1>  pop eax
  1928 00000EB5 665B                        pop  ebx
  1929 00000EB7 7219                        jc   .dl_fail
  1930 00000EB9 6601C8                      add  eax, ecx                  ; LBA += chunk
  1931 00000EBC 6689CA                      mov  edx, ecx
  1932 00000EBF 66C1E209                    shl  edx, 9                    ; bytes = chunk * 512
  1933 00000EC3 6601D6                      add  esi, edx                  ; dest += bytes
  1934 00000EC6 6629CB                      sub  ebx, ecx                  ; remaining -= chunk
  1935 00000EC9 E9CEFE                      jmp  .dl_loop
  1936                                  .dl_done:
  1937 00000ECC 665A                        pop  edx
  1938 00000ECE 665B                        pop  ebx
  1939 00000ED0 F8                          clc
  1940 00000ED1 C3                          ret
  1941                                  .dl_fail:
  1942 00000ED2 665A                        pop  edx
  1943 00000ED4 665B                        pop  ebx
  1944 00000ED6 F9                          stc
  1945 00000ED7 C3                          ret
  1946                                  
  1947                                  ; ============================================================================
  1948                                  ; load_stage3 / load_kernel / load_initrd
  1949                                  ; ============================================================================
  1950                                  load_stage3:
  1951 00000ED8 66B811000000                mov  eax, STAGE3_START_SECTOR
  1952 00000EDE 66B910000000                mov  ecx, STAGE3_SECTOR_COUNT
  1953 00000EE4 66BE00500000                mov  esi, STAGE3_LOAD_PHYS
  1954 00000EEA E8A0FE                      call disk_load
  1955 00000EED 7201                        jc   .ls3_fail
  1956 00000EEF C3                          ret
  1957                                  .ls3_fail:
  1958 00000EF0 BE[0C17]                    mov  si, str_s3err
  1959 00000EF3 E87DFE                      call bios_print
  1960 00000EF6 C3                          ret                        ; non-fatal: stage3 may already be in memory
  1961                                  
  1962                                  ; ============================================================================
  1963                                  ; load_kernel: stream the kernel ELF (at disk sector KERNEL_START_SECTOR)
  1964                                  ; directly into each PT_LOAD segment's physical address. Handles kernels of
  1965                                  ; ANY size, exactly like GRUB: instead of buffering the whole file, each
  1966                                  ; segment is read (in <=63-sector chunks) into a low bounce buffer and copied
  1967                                  ; up to its destination — which may be far above 1 MiB — via unreal mode
  1968                                  ; (FS = 4 GiB flat). No 256 KiB / low-memory limit.
  1969                                  ;
  1970                                  ; On success: boot_info.kernel_entry / .kernel_is64bit are set and the
  1971                                  ; FOREB_BIF_KERNEL_PRELOADED flag is raised so stage3 skips its own ELF copy.
  1972                                  ; Requires A20 enabled. Ensures unreal mode itself. Real mode, ES=0.
  1973                                  ; ============================================================================
  1974                                  ; ----------------------------------------------------------------------------
  1975                                  ; foreb_enable_unreal: put FS into "unreal mode" (base 0, 4 GiB limit) using the
  1976                                  ; active PM handoff GDT (gdt_pm_desc, flat data selector 0x10). Briefly enters
  1977                                  ; protected mode WITHOUT reloading CS, loads FS, then returns to real mode; the
  1978                                  ; FS descriptor cache keeps the 4 GiB limit so `mov [fs:e**]` reaches all RAM.
  1979                                  ; The real-mode IVT is left intact, so INT 13h keeps working afterwards.
  1980                                  ; Interrupts are disabled across the PE window. Preserves EAX/DS.
  1981                                  ; ----------------------------------------------------------------------------
  1982                                  foreb_enable_unreal:
  1983 00000EF7 FA                          cli
  1984 00000EF8 6650                        push eax
  1985 00000EFA 53                          push bx
  1986 00000EFB 0F0116[6815]                lgdt [gdt_pm_desc]
  1987 00000F00 0F20C0                      mov  eax, cr0
  1988 00000F03 6683C801                    or   eax, 1
  1989 00000F07 0F22C0                      mov  cr0, eax                    ; PE=1 (16-bit PM, CS cache unchanged)
  1990 00000F0A EB00                        jmp  $+2                         ; flush prefetch queue after mode switch
  1991 00000F0C BB1000                      mov  bx, 0x10
  1992 00000F0F 8EE3                        mov  fs, bx                      ; FS := flat 4 GiB data descriptor (sel 0x10)
  1993 00000F11 8EEB                        mov  gs, bx                      ; GS too (spare flat segment)
  1994 00000F13 0F20C0                      mov  eax, cr0
  1995 00000F16 6683E0FE                    and  eax, 0xFFFFFFFE
  1996 00000F1A 0F22C0                      mov  cr0, eax                    ; PE=0; FS/GS caches retain 4 GiB limit
  1997 00000F1D EB00                        jmp  $+2                         ; flush prefetch after returning to real mode
  1998 00000F1F 5B                          pop  bx
  1999 00000F20 6658                        pop  eax
  2000 00000F22 C606[7015]01                mov  byte [unreal_ok], 1
  2001 00000F27 C3                          ret                              ; leave IF as caller set it (load runs cli'd)
  2002                                  
  2003                                  ; ----------------------------------------------------------------------------
  2004                                  ; foreb_read: robust LBA disk read (INT 13h AH=42h) used by the kernel loader.
  2005                                  ; A direct DAP read like stage1's — no AH=41h precheck / CHS fallback (that
  2006                                  ; path in lba_read_one corrupts the sector count on some BIOSes). Reads to a
  2007                                  ; real-mode-addressable (<1 MiB) buffer; the caller blits up via unreal mode.
  2008                                  ;   In: EAX = LBA, CX = sector count (<=127), ESI = physical dest (<1 MiB).
  2009                                  ;   Uses drive boot_info.boot_disk.  Returns CF=1 on error. Preserves GP regs.
  2010                                  ; ----------------------------------------------------------------------------
  2011                                  foreb_read:
  2012 00000F28 6660                        pushad
  2013 00000F2A 1E                          push ds
  2014 00000F2B 06                          push es
  2015 00000F2C 31DB                        xor  bx, bx
  2016 00000F2E 8EDB                        mov  ds, bx                      ; DS=0 for DAP + boot_disk
  2017 00000F30 8EC3                        mov  es, bx
  2018 00000F32 BF0005                      mov  di, DAP_BUF
  2019 00000F35 C60510                      mov  byte  [di + 0], 0x10
  2020 00000F38 C6450100                    mov  byte  [di + 1], 0
  2021 00000F3C 894D02                      mov  [di + 2], cx                ; sector count
  2022 00000F3F 6689F2                      mov  edx, esi
  2023 00000F42 66C1EA04                    shr  edx, 4
  2024 00000F46 6689F3                      mov  ebx, esi
  2025 00000F49 6683E30F                    and  ebx, 0x0F
  2026 00000F4D 895D04                      mov  [di + 4], bx                ; dest offset
  2027 00000F50 895506                      mov  [di + 6], dx                ; dest segment
  2028 00000F53 66894508                    mov  [di + 8], eax               ; LBA (low 32)
  2029 00000F57 66C7450C00000000            mov  dword [di + 12], 0          ; LBA (high 32)
  2030 00000F5F 8A160C10                    mov  dl, [boot_info + foreboots_boot_info.boot_disk]
  2031 00000F63 BE0005                      mov  si, DAP_BUF
  2032 00000F66 B442                        mov  ah, 0x42
  2033 00000F68 CD13                        int  0x13                        ; CF survives the pops/popad below
  2034 00000F6A 07                          pop  es
  2035 00000F6B 1F                          pop  ds
  2036 00000F6C 6661                        popad
  2037                                      ; INT 13h can clobber FS (wiping the unreal descriptor cache) and re-enable
  2038                                      ; interrupts. Force IF off and rebuild unreal FS so the caller's subsequent
  2039                                      ; [fs:e**] high-memory accesses stay valid. Preserve CF (read status).
  2040 00000F6E FA                          cli
  2041 00000F6F 9C                          pushf
  2042 00000F70 E884FF                      call foreb_enable_unreal
  2043 00000F73 9D                          popf
  2044 00000F74 C3                          ret
  2045                                  
  2046                                  load_kernel:
  2047 00000F75 0E                          push cs
  2048 00000F76 1F                          pop  ds                          ; DS = 0x0800 (stage2 data/vars + gdt_pm_desc)
  2049 00000F77 31C0                        xor  ax, ax
  2050 00000F79 8EC0                        mov  es, ax                      ; ES = 0: boot_info writes use [es:...]
  2051 00000F7B FA                          cli                              ; keep IF off for the whole load: a real-mode
  2052                                                                       ; IRQ handler touching FS would wipe unreal.
  2053                                  
  2054                                      ; Slurp the ELF header + program-header table into the low header buffer.
  2055                                      ; foreb_read restores unreal FS on return, so the [fs:*] reads below (which
  2056                                      ; must immediately follow, with no BIOS INT in between) resolve correctly.
  2057 00000F7C 66B830000000                mov  eax, KERNEL_START_SECTOR
  2058 00000F82 66B920000000                mov  ecx, KERNEL_HDR_SECTORS
  2059 00000F88 66BE00000100                mov  esi, KERNEL_HDR_BUF
  2060 00000F8E E897FF                      call foreb_read
  2061 00000F91 0F827F01                    jc   .fail
  2062                                  
  2063 00000F95 66BF00000100                mov  edi, KERNEL_HDR_BUF
  2064 00000F9B 646766813F7F454C46          cmp  dword [fs:edi], 0x464C457F  ; ELF magic 0x7F 'E' 'L' 'F'
  2065 00000FA4 7441                        je   .khdr_ok
  2066                                      ; Probe: firmwares that expose the WHOLE CD as the boot drive (real HW)
  2067                                      ; need every LBA rebased by the El Torito boot image LBA; stage1 stored
  2068                                      ; that raw 2048-sector LBA at CD_BOOT_LBA.  Retry once with base=LBA*4.
  2069 00000FA6 2666A10C06                  mov  eax, [es:CD_BOOT_LBA]
  2070 00000FAB 6685C0                      test eax, eax
  2071 00000FAE 0F846201                    jz   .fail
  2072 00000FB2 66C1E002                    shl  eax, 2
  2073 00000FB6 2666A31005                  mov  [es:LBA_BASE_OFFSET], eax
  2074 00000FBB 66B830000000                mov  eax, KERNEL_START_SECTOR
  2075 00000FC1 66B920000000                mov  ecx, KERNEL_HDR_SECTORS
  2076 00000FC7 66BE00000100                mov  esi, KERNEL_HDR_BUF
  2077 00000FCD E858FF                      call foreb_read
  2078 00000FD0 0F824001                    jc   .fail
  2079 00000FD4 66BF00000100                mov  edi, KERNEL_HDR_BUF
  2080 00000FDA 646766813F7F454C46          cmp  dword [fs:edi], 0x464C457F
  2081 00000FE3 0F852D01                    jne  .fail
  2082                                  .khdr_ok:
  2083 00000FE7 64678A4704                  mov  al, [fs:edi + 4]            ; EI_CLASS
  2084 00000FEC 3C02                        cmp  al, ELFCLASS64
  2085 00000FEE 0F848800                    je   .k64
  2086                                  
  2087                                  ; --- ELF32 ---
  2088                                  .k32:
  2089 00000FF2 2666C7066010000000-         mov  dword [es:boot_info + foreboots_boot_info.kernel_is64bit], 0
  2089 00000FFB 00                 
  2090 00000FFC 6467668B4718                mov  eax, [fs:edi + Elf32_Ehdr.e_entry]
  2091 00001002 2666A35C10                  mov  [es:boot_info + foreboots_boot_info.kernel_entry], eax
  2092 00001007 6467660FB74F2C              movzx ecx, word [fs:edi + Elf32_Ehdr.e_phnum]
  2093 0000100E 66890E[7815]                mov  [k_count], ecx
  2094 00001013 6467660FB7472A              movzx eax, word [fs:edi + Elf32_Ehdr.e_phentsize]
  2095 0000101A 66A3[7C15]                  mov  [k_entsize], eax
  2096 0000101E 6467668B471C                mov  eax, [fs:edi + Elf32_Ehdr.e_phoff]
  2097 00001024 660500000100                add  eax, KERNEL_HDR_BUF
  2098 0000102A 66A3[7415]                  mov  [k_phdr], eax
  2099                                  .k32_loop:
  2100 0000102E 668B0E[7815]                mov  ecx, [k_count]
  2101 00001033 6685C9                      test ecx, ecx
  2102 00001036 0F84C400                    jz   .done
  2103 0000103A 668B3E[7415]                mov  edi, [k_phdr]
  2104 0000103F 646766833F01                cmp  dword [fs:edi + Elf32_Phdr.p_type], PT_LOAD
  2105 00001045 751F                        jne  .k32_next
  2106 00001047 6467668B4704                mov  eax, [fs:edi + Elf32_Phdr.p_offset]
  2107 0000104D 6467668B570C                mov  edx, [fs:edi + Elf32_Phdr.p_paddr]
  2108 00001053 6467668B4F10                mov  ecx, [fs:edi + Elf32_Phdr.p_filesz]
  2109 00001059 6467668B6F14                mov  ebp, [fs:edi + Elf32_Phdr.p_memsz]
  2110 0000105F E8BA00                      call stream_segment
  2111 00001062 0F82AE00                    jc   .fail
  2112                                  .k32_next:
  2113 00001066 66A1[7415]                  mov  eax, [k_phdr]
  2114 0000106A 660306[7C15]                add  eax, [k_entsize]
  2115 0000106F 66A3[7415]                  mov  [k_phdr], eax
  2116 00001073 66FF0E[7815]                dec  dword [k_count]
  2117 00001078 EBB4                        jmp  .k32_loop
  2118                                  
  2119                                  ; --- ELF64 (low 32 bits of the 64-bit fields; Forest kernels live <4 GiB) ---
  2120                                  .k64:
  2121 0000107A 2666C7066010010000-         mov  dword [es:boot_info + foreboots_boot_info.kernel_is64bit], 1
  2121 00001083 00                 
  2122 00001084 6467668B4718                mov  eax, [fs:edi + Elf64_Ehdr.e_entry]
  2123 0000108A 2666A35C10                  mov  [es:boot_info + foreboots_boot_info.kernel_entry], eax
  2124 0000108F 6467660FB74F38              movzx ecx, word [fs:edi + Elf64_Ehdr.e_phnum]
  2125 00001096 66890E[7815]                mov  [k_count], ecx
  2126 0000109B 6467660FB74736              movzx eax, word [fs:edi + Elf64_Ehdr.e_phentsize]
  2127 000010A2 66A3[7C15]                  mov  [k_entsize], eax
  2128 000010A6 6467668B4720                mov  eax, [fs:edi + Elf64_Ehdr.e_phoff]
  2129 000010AC 660500000100                add  eax, KERNEL_HDR_BUF
  2130 000010B2 66A3[7415]                  mov  [k_phdr], eax
  2131                                  .k64_loop:
  2132 000010B6 668B0E[7815]                mov  ecx, [k_count]
  2133 000010BB 6685C9                      test ecx, ecx
  2134 000010BE 743E                        jz   .done
  2135 000010C0 668B3E[7415]                mov  edi, [k_phdr]
  2136 000010C5 646766833F01                cmp  dword [fs:edi + Elf64_Phdr.p_type], PT_LOAD
  2137 000010CB 751D                        jne  .k64_next
  2138 000010CD 6467668B4708                mov  eax, [fs:edi + Elf64_Phdr.p_offset]
  2139 000010D3 6467668B5718                mov  edx, [fs:edi + Elf64_Phdr.p_paddr]
  2140 000010D9 6467668B4F20                mov  ecx, [fs:edi + Elf64_Phdr.p_filesz]
  2141 000010DF 6467668B6F28                mov  ebp, [fs:edi + Elf64_Phdr.p_memsz]
  2142 000010E5 E83400                      call stream_segment
  2143 000010E8 722A                        jc   .fail
  2144                                  .k64_next:
  2145 000010EA 66A1[7415]                  mov  eax, [k_phdr]
  2146 000010EE 660306[7C15]                add  eax, [k_entsize]
  2147 000010F3 66A3[7415]                  mov  [k_phdr], eax
  2148 000010F7 66FF0E[7815]                dec  dword [k_count]
  2149 000010FC EBB8                        jmp  .k64_loop
  2150                                  
  2151                                  .done:
  2152 000010FE 2666810E0810000200-         or   dword [es:boot_info + foreboots_boot_info.flags], FOREB_BIF_KERNEL_PRELOADED
  2152 00001107 00                 
  2153 00001108 2666C7065410000001-         mov  dword [es:boot_info + foreboots_boot_info.kernel_load_addr], KERNEL_HDR_BUF
  2153 00001111 00                 
  2154 00001112 FB                          sti
  2155 00001113 C3                          ret
  2156                                  .fail:
  2157 00001114 FB                          sti
  2158 00001115 BE[2C17]                    mov  si, str_kernerr
  2159 00001118 E858FC                      call bios_print
  2160 0000111B C3                          ret                        ; non-fatal: continue (stage3 will report)
  2161                                  
  2162                                  ; ============================================================================
  2163                                  ; stream_segment: copy p_filesz file bytes from kernel offset EAX to physical
  2164                                  ; EDX, then zero-fill (p_memsz - p_filesz). Reads through KERNEL_BOUNCE_BUF in
  2165                                  ; <=KERNEL_BOUNCE_SECTORS chunks and blits up via unreal FS. Never reads past
  2166                                  ; what the segment needs.  In: EAX=file off, EDX=dest, ECX=filesz, EBP=memsz.
  2167                                  ; DS must be 0x0800.  Returns CF=1 on disk error.
  2168                                  ; ============================================================================
  2169                                  stream_segment:
  2170 0000111C 668916[9415]                mov  [ls_dest], edx
  2171 00001121 66890E[8815]                mov  [ls_rem], ecx
  2172 00001126 66890E[8C15]                mov  [ls_filesz], ecx
  2173 0000112B 66892E[9015]                mov  [ls_memsz], ebp
  2174 00001130 6689C3                      mov  ebx, eax
  2175 00001133 6681E3FF010000              and  ebx, 511
  2176 0000113A 66891E[8415]                mov  [ls_skip], ebx              ; intra-sector offset of first byte
  2177 0000113F 66C1E809                    shr  eax, 9
  2178 00001143 6683C030                    add  eax, KERNEL_START_SECTOR
  2179 00001147 66A3[8015]                  mov  [ls_lba], eax
  2180                                  .seg_loop:
  2181 0000114B 66A1[8815]                  mov  eax, [ls_rem]
  2182 0000114F 6685C0                      test eax, eax
  2183 00001152 0F848500                    jz   .seg_bss
  2184                                      ; sectors to read = ceil((skip + rem)/512), clamped to bounce capacity
  2185 00001156 66A1[8415]                  mov  eax, [ls_skip]
  2186 0000115A 660306[8815]                add  eax, [ls_rem]
  2187 0000115F 6605FF010000                add  eax, 511
  2188 00001165 66C1E809                    shr  eax, 9
  2189 00001169 6683F83F                    cmp  eax, KERNEL_BOUNCE_SECTORS
  2190 0000116D 7606                        jbe  .cnt_ok
  2191 0000116F 66B83F000000                mov  eax, KERNEL_BOUNCE_SECTORS
  2192                                  .cnt_ok:
  2193 00001175 66A3[9815]                  mov  [ls_chunk], eax
  2194 00001179 6689C1                      mov  ecx, eax
  2195 0000117C 66A1[8015]                  mov  eax, [ls_lba]
  2196 00001180 66BE00000200                mov  esi, KERNEL_BOUNCE_BUF
  2197 00001186 E89FFD                      call foreb_read                  ; reads into low bounce (real-mode dest)
  2198 00001189 7268                        jc   .seg_fail
  2199                                      ; bytes available this round = chunk*512 - skip ; copy min(avail, rem)
  2200 0000118B 66A1[9815]                  mov  eax, [ls_chunk]
  2201 0000118F 66C1E009                    shl  eax, 9
  2202 00001193 662B06[8415]                sub  eax, [ls_skip]
  2203 00001198 668B16[8815]                mov  edx, [ls_rem]
  2204 0000119D 6639D0                      cmp  eax, edx
  2205 000011A0 7603                        jbe  .copy_ok
  2206 000011A2 6689D0                      mov  eax, edx
  2207                                  .copy_ok:
  2208 000011A5 66BE00000200                mov  esi, KERNEL_BOUNCE_BUF
  2209 000011AB 660336[8415]                add  esi, [ls_skip]
  2210 000011B0 668B3E[9415]                mov  edi, [ls_dest]
  2211 000011B5 6689C1                      mov  ecx, eax
  2212 000011B8 E83A00                      call copy_flat                   ; fs:ESI (low) -> fs:EDI (high), ECX bytes
  2213 000011BB 660106[9415]                add  [ls_dest], eax
  2214 000011C0 662906[8815]                sub  [ls_rem], eax
  2215 000011C5 668B0E[9815]                mov  ecx, [ls_chunk]
  2216 000011CA 66010E[8015]                add  [ls_lba], ecx
  2217 000011CF 66C706[8415]000000-         mov  dword [ls_skip], 0
  2217 000011D7 00                 
  2218 000011D8 E970FF                      jmp  .seg_loop
  2219                                  .seg_bss:
  2220 000011DB 66A1[9015]                  mov  eax, [ls_memsz]
  2221 000011DF 662B06[8C15]                sub  eax, [ls_filesz]            ; BSS bytes; ls_dest already at file end
  2222 000011E4 760B                        jbe  .seg_ok
  2223 000011E6 6689C1                      mov  ecx, eax
  2224 000011E9 668B3E[9415]                mov  edi, [ls_dest]
  2225 000011EE E84800                      call zero_flat
  2226                                  .seg_ok:
  2227 000011F1 F8                          clc
  2228 000011F2 C3                          ret
  2229                                  .seg_fail:
  2230 000011F3 F9                          stc
  2231 000011F4 C3                          ret
  2232                                  
  2233                                  ; ============================================================================
  2234                                  ; copy_flat: copy ECX bytes from linear ESI to linear EDI through FS (flat).
  2235                                  ; zero_flat: zero  ECX bytes at linear EDI through FS (flat).
  2236                                  ; Both require unreal mode (FS base 0, 4 GiB limit). Preserve all GP regs.
  2237                                  ; ============================================================================
  2238                                  copy_flat:
  2239 000011F5 6650                        push eax
  2240 000011F7 6651                        push ecx
  2241 000011F9 6656                        push esi
  2242 000011FB 6657                        push edi
  2243                                  .cf_dw:
  2244 000011FD 6683F904                    cmp  ecx, 4
  2245 00001201 7218                        jb   .cf_by
  2246 00001203 6467668B06                  mov  eax, [fs:esi]
  2247 00001208 6467668907                  mov  [fs:edi], eax
  2248 0000120D 6683C604                    add  esi, 4
  2249 00001211 6683C704                    add  edi, 4
  2250 00001215 6683E904                    sub  ecx, 4
  2251 00001219 EBE2                        jmp  .cf_dw
  2252                                  .cf_by:
  2253 0000121B 6685C9                      test ecx, ecx
  2254 0000121E 7410                        jz   .cf_done
  2255 00001220 64678A06                    mov  al, [fs:esi]
  2256 00001224 64678807                    mov  [fs:edi], al
  2257 00001228 6646                        inc  esi
  2258 0000122A 6647                        inc  edi
  2259 0000122C 6649                        dec  ecx
  2260 0000122E EBEB                        jmp  .cf_by
  2261                                  .cf_done:
  2262 00001230 665F                        pop  edi
  2263 00001232 665E                        pop  esi
  2264 00001234 6659                        pop  ecx
  2265 00001236 6658                        pop  eax
  2266 00001238 C3                          ret
  2267                                  
  2268                                  zero_flat:
  2269 00001239 6650                        push eax
  2270 0000123B 6651                        push ecx
  2271 0000123D 6657                        push edi
  2272 0000123F 6631C0                      xor  eax, eax
  2273                                  .zf_dw:
  2274 00001242 6683F904                    cmp  ecx, 4
  2275 00001246 720F                        jb   .zf_by
  2276 00001248 6467668907                  mov  [fs:edi], eax
  2277 0000124D 6683C704                    add  edi, 4
  2278 00001251 6683E904                    sub  ecx, 4
  2279 00001255 EBEB                        jmp  .zf_dw
  2280                                  .zf_by:
  2281 00001257 6685C9                      test ecx, ecx
  2282 0000125A 740A                        jz   .zf_done
  2283 0000125C 64678807                    mov  [fs:edi], al
  2284 00001260 6647                        inc  edi
  2285 00001262 6649                        dec  ecx
  2286 00001264 EBF1                        jmp  .zf_by
  2287                                  .zf_done:
  2288 00001266 665F                        pop  edi
  2289 00001268 6659                        pop  ecx
  2290 0000126A 6658                        pop  eax
  2291 0000126C C3                          ret
  2292                                  
  2293                                  load_initrd:
  2294                                  %if FOREB_INITRD_START_SECTOR == 0
  2295                                      ret
  2296                                  %else
  2297 0000126D 66B820980000                mov  eax, FOREB_INITRD_START_SECTOR
  2298 00001273 66B980000000                mov  ecx, INITRD_MAX_SECTORS
  2299 00001279 66BE00000400                mov  esi, INITRD_LOAD_PHYS
  2300 0000127F E80BFB                      call disk_load
  2301 00001282 721B                        jc   .li_done
  2302 00001284 2666C7066410000004-         mov  dword [es:boot_info + foreboots_boot_info.initrd_addr], INITRD_LOAD_PHYS
  2302 0000128D 00                 
  2303 0000128E 2666C7066810000001-         mov  dword [es:boot_info + foreboots_boot_info.initrd_size], (INITRD_MAX_SECTORS * 512)
  2303 00001297 00                 
  2304 00001298 2666830E081040              or   dword [es:boot_info + foreboots_boot_info.flags], FOREB_BIF_INITRD
  2305                                  .li_done:
  2306 0000129F C3                          ret
  2307                                  %endif
  2308                                  
  2309                                  ; ============================================================================
  2310                                  ; launch_boot_entry: AX = entry index. Apply selection.
  2311                                  ;   default -> re-select 32bpp kernel mode, cmdline ""
  2312                                  ;   nofb    -> text mode 03h, clear framebuffer info, cmdline "nofb"
  2313                                  ;   safe    -> re-select 32bpp kernel mode, cmdline "safe", safe flag
  2314                                  ;   reboot  -> INT 19h
  2315                                  ; ============================================================================
  2316                                  launch_boot_entry:
  2317 000012A0 83F803                      cmp  ax, ENTRY_REBOOT
  2318 000012A3 0F84B200                    je   .lbe_reboot
  2319 000012A7 83F801                      cmp  ax, ENTRY_NOFB
  2320 000012AA 743B                        je   .lbe_nofb
  2321 000012AC 83F802                      cmp  ax, ENTRY_SAFE
  2322 000012AF 7411                        je   .lbe_safe
  2323                                      ; default — text mode, no VBE
  2324 000012B1 BE[5B17]                    mov  si, str_cmdline_normal
  2325 000012B4 E8AC00                      call set_cmdline
  2326 000012B7 2666C7066C10000000-         mov  dword [es:boot_info + foreboots_boot_info.boot_entry], ENTRY_DEFAULT
  2326 000012C0 00                 
  2327 000012C1 C3                          ret
  2328                                  .lbe_safe:
  2329 000012C2 BE[6117]                    mov  si, str_cmdline_safe
  2330 000012C5 E89B00                      call set_cmdline
  2331 000012C8 2666C7067410010000-         mov  dword [es:boot_info + foreboots_boot_info.safe_mode], 1
  2331 000012D1 00                 
  2332 000012D2 2666810E0810000100-         or   dword [es:boot_info + foreboots_boot_info.flags], FOREB_BIF_SAFE
  2332 000012DB 00                 
  2333 000012DC 2666C7066C10020000-         mov  dword [es:boot_info + foreboots_boot_info.boot_entry], ENTRY_SAFE
  2333 000012E5 00                 
  2334 000012E6 C3                          ret
  2335                                  .lbe_nofb:
  2336 000012E7 C606[6F15]00                mov  byte [vesa_ok], 0
  2337 000012EC B80300                      mov  ax, 0x0003
  2338 000012EF CD10                        int  0x10
  2339 000012F1 266683260810FD              and  dword [es:boot_info + foreboots_boot_info.flags], 0xFFFFFFFD
  2340 000012F8 2666810E0810800000-         or   dword [es:boot_info + foreboots_boot_info.flags], FOREB_BIF_NO_FB
  2340 00001301 00                 
  2341 00001302 2666C7062810000000-         mov  dword [es:boot_info + foreboots_boot_info.framebuffer_addr], 0
  2341 0000130B 00                 
  2342 0000130C 2666C7062C10000000-         mov  dword [es:boot_info + foreboots_boot_info.framebuffer_addr + 4], 0
  2342 00001315 00                 
  2343 00001316 2666C7063410000000-         mov  dword [es:boot_info + foreboots_boot_info.framebuffer_width], 0
  2343 0000131F 00                 
  2344 00001320 2666C7063810000000-         mov  dword [es:boot_info + foreboots_boot_info.framebuffer_height], 0
  2344 00001329 00                 
  2345 0000132A 2666C7063C10000000-         mov  dword [es:boot_info + foreboots_boot_info.framebuffer_bpp], 0
  2345 00001333 00                 
  2346 00001334 2666C7064010020000-         mov  dword [es:boot_info + foreboots_boot_info.framebuffer_type], 2
  2346 0000133D 00                 
  2347 0000133E 2666C7067010010000-         mov  dword [es:boot_info + foreboots_boot_info.no_framebuffer], 1
  2347 00001347 00                 
  2348 00001348 2666C7066C10010000-         mov  dword [es:boot_info + foreboots_boot_info.boot_entry], ENTRY_NOFB
  2348 00001351 00                 
  2349 00001352 BE[5C17]                    mov  si, str_cmdline_nofb
  2350 00001355 E80B00                      call set_cmdline
  2351 00001358 C3                          ret
  2352                                  .lbe_reboot:
  2353 00001359 BE[4C17]                    mov  si, str_rebooting
  2354 0000135C E814FA                      call bios_print
  2355 0000135F CD19                        int  0x19
  2356 00001361 EBFE                        jmp  $
  2357                                  
  2358                                  ; set_cmdline: SI = cmdline string offset (DS=0x0800). Store physical addr
  2359                                  ; (0x8000 + offset) in boot_info.cmdline.
  2360                                  set_cmdline:
  2361 00001363 6650                        push eax
  2362 00001365 1E                          push ds
  2363 00001366 31C0                        xor  ax, ax
  2364 00001368 8ED8                        mov  ds, ax
  2365 0000136A 660FB7C6                    movzx eax, si
  2366 0000136E 660500800000                add  eax, 0x8000
  2367 00001374 66A31010                    mov  [boot_info + foreboots_boot_info.cmdline], eax
  2368 00001378 66830E081004                or   dword [boot_info + foreboots_boot_info.flags], FOREB_BIF_CMDLINE
  2369 0000137E 1F                          pop  ds
  2370 0000137F 6658                        pop  eax
  2371 00001381 C3                          ret
  2372                                  
  2373                                  ; ============================================================================
  2374                                  ; build_multiboot_info: translate foreboots_boot_info + E820 map into a
  2375                                  ; standard multiboot_info_t at MULTIBOOT_INFO_ADDR (kernel handoff, GRUB-compat)
  2376                                  ; ============================================================================
  2377                                  build_multiboot_info:
  2378 00001382 6660                        pushad
  2379 00001384 06                          push es
  2380 00001385 1E                          push ds
  2381 00001386 31C0                        xor  ax, ax
  2382 00001388 8ED8                        mov  ds, ax
  2383 0000138A 8EC0                        mov  es, ax
  2384                                      ; zero multiboot_info_t
  2385 0000138C 66BF00180000                mov  edi, mb_info_addr
  2386 00001392 66B970000000                mov  ecx, mb_info_size
  2387 00001398 6631C0                      xor  eax, eax
  2388 0000139B F3AA                        rep  stosb
  2389                                      ; flags
  2390 0000139D 66B845020000                mov  eax, MB_FLAG_MEM | MB_FLAG_CMDLINE | MB_FLAG_MMAP | MB_FLAG_BOOTLOADER
  2391 000013A3 66F706081002000000          test dword [boot_info + foreboots_boot_info.flags], FOREB_BIF_FRAMEBUFFER
  2392 000013AC 7406                        jz   .bmi_nofb
  2393 000013AE 660D00100000                or   eax, MB_FLAG_FRAMEBUFFER
  2394                                  .bmi_nofb:
  2395 000013B4 66F706081040000000          test dword [boot_info + foreboots_boot_info.flags], FOREB_BIF_INITRD
  2396 000013BD 7404                        jz   .bmi_noinitrd
  2397 000013BF 6683C808                    or   eax, MB_FLAG_MODS
  2398                                  .bmi_noinitrd:
  2399 000013C3 66A30018                    mov  [mb_info_addr + mb_info.flags], eax
  2400                                      ; mem
  2401 000013C7 66A11810                    mov  eax, [boot_info + foreboots_boot_info.mem_lower]
  2402 000013CB 66A30418                    mov  [mb_info_addr + mb_info.mem_lower], eax
  2403 000013CF 66A11C10                    mov  eax, [boot_info + foreboots_boot_info.mem_upper]
  2404 000013D3 66A30818                    mov  [mb_info_addr + mb_info.mem_upper], eax
  2405 000013D7 66C7060C1800000000          mov  dword [mb_info_addr + mb_info.boot_device], 0
  2406                                      ; cmdline + bootloader name
  2407 000013E0 66A11010                    mov  eax, [boot_info + foreboots_boot_info.cmdline]
  2408 000013E4 66A31018                    mov  [mb_info_addr + mb_info.cmdline], eax
  2409 000013E8 66A11410                    mov  eax, [boot_info + foreboots_boot_info.boot_loader_name]
  2410 000013EC 66A34018                    mov  [mb_info_addr + mb_info.boot_loader_name], eax
  2411                                      ; build multiboot1 mmap array
  2412 000013F0 66BE00110000                mov  esi, foreb_mmap
  2413 000013F6 66BF00140000                mov  edi, mb_mmap
  2414 000013FC 668B0E2010                  mov  ecx, [boot_info + foreboots_boot_info.mmap_count]
  2415 00001401 6631D2                      xor  edx, edx
  2416                                  .bmi_mmap_loop:
  2417 00001404 6685C9                      test ecx, ecx
  2418 00001407 7447                        jz   .bmi_mmap_done
  2419 00001409 67668B06                    mov  eax, [esi + foreboots_mmap_entry.base]
  2420 0000140D 6766894704                  mov  [edi + mb_mmap_entry.addr_low], eax
  2421 00001412 67668B4604                  mov  eax, [esi + foreboots_mmap_entry.base + 4]
  2422 00001417 6766894708                  mov  [edi + mb_mmap_entry.addr_high], eax
  2423 0000141C 67668B4608                  mov  eax, [esi + foreboots_mmap_entry.length]
  2424 00001421 676689470C                  mov  [edi + mb_mmap_entry.len_low], eax
  2425 00001426 67668B460C                  mov  eax, [esi + foreboots_mmap_entry.length + 4]
  2426 0000142B 6766894710                  mov  [edi + mb_mmap_entry.len_high], eax
  2427 00001430 67668B4610                  mov  eax, [esi + foreboots_mmap_entry.type]
  2428 00001435 6766894714                  mov  [edi + mb_mmap_entry.type], eax
  2429 0000143A 6766C70714000000            mov  dword [edi + mb_mmap_entry.size], 20
  2430 00001442 6683C618                    add  esi, foreboots_mmap_entry_size
  2431 00001446 6683C718                    add  edi, mb_mmap_entry_size
  2432 0000144A 6642                        inc  edx
  2433 0000144C 6649                        dec  ecx
  2434 0000144E EBB4                        jmp  .bmi_mmap_loop
  2435                                  .bmi_mmap_done:
  2436 00001450 6689D0                      mov  eax, edx
  2437 00001453 66C1E004                    shl  eax, 4
  2438 00001457 67668D04D0                  lea  eax, [eax + edx*8]            ; *24
  2439 0000145C 66A32C18                    mov  [mb_info_addr + mb_info.mmap_length], eax
  2440 00001460 66C706301800140000          mov  dword [mb_info_addr + mb_info.mmap_addr], mb_mmap
  2441                                      ; framebuffer
  2442 00001469 66F706081002000000          test dword [boot_info + foreboots_boot_info.flags], FOREB_BIF_FRAMEBUFFER
  2443 00001472 7434                        jz   .bmi_fb_done
  2444 00001474 66A12810                    mov  eax, [boot_info + foreboots_boot_info.framebuffer_addr]
  2445 00001478 66A35818                    mov  [mb_info_addr + mb_info.framebuffer_addr], eax
  2446 0000147C 66A12C10                    mov  eax, [boot_info + foreboots_boot_info.framebuffer_addr + 4]
  2447 00001480 66A35C18                    mov  [mb_info_addr + mb_info.framebuffer_addr + 4], eax
  2448 00001484 66A13010                    mov  eax, [boot_info + foreboots_boot_info.framebuffer_pitch]
  2449 00001488 66A36018                    mov  [mb_info_addr + mb_info.framebuffer_pitch], eax
  2450 0000148C 66A13410                    mov  eax, [boot_info + foreboots_boot_info.framebuffer_width]
  2451 00001490 66A36418                    mov  [mb_info_addr + mb_info.framebuffer_width], eax
  2452 00001494 66A13810                    mov  eax, [boot_info + foreboots_boot_info.framebuffer_height]
  2453 00001498 66A36818                    mov  [mb_info_addr + mb_info.framebuffer_height], eax
  2454 0000149C A03C10                      mov  al, [boot_info + foreboots_boot_info.framebuffer_bpp]
  2455 0000149F A26C18                      mov  [mb_info_addr + mb_info.framebuffer_bpp], al
  2456 000014A2 A04010                      mov  al, [boot_info + foreboots_boot_info.framebuffer_type]
  2457 000014A5 A26D18                      mov  [mb_info_addr + mb_info.framebuffer_type], al
  2458                                  .bmi_fb_done:
  2459                                      ; initrd module
  2460 000014A8 66F706081040000000          test dword [boot_info + foreboots_boot_info.flags], FOREB_BIF_INITRD
  2461 000014B1 743C                        jz   .bmi_initrd_done
  2462 000014B3 66BF00170000                mov  edi, mb_module_slot
  2463 000014B9 66A16410                    mov  eax, [boot_info + foreboots_boot_info.initrd_addr]
  2464 000014BD 67668907                    mov  [edi + mb_module.mod_start], eax
  2465 000014C1 6603066810                  add  eax, [boot_info + foreboots_boot_info.initrd_size]
  2466 000014C6 6766894704                  mov  [edi + mb_module.mod_end], eax
  2467 000014CB 6766C7470800000000          mov  dword [edi + mb_module.string], 0
  2468 000014D4 6766C7470C00000000          mov  dword [edi + mb_module.reserved], 0
  2469 000014DD 66C706141801000000          mov  dword [mb_info_addr + mb_info.mods_count], 1
  2470 000014E6 66C706181800170000          mov  dword [mb_info_addr + mb_info.mods_addr], mb_module_slot
  2471                                  .bmi_initrd_done:
  2472 000014EF 1F                          pop  ds
  2473 000014F0 07                          pop  es
  2474 000014F1 6661                        popad
  2475 000014F3 C3                          ret
  2476                                  
  2477                                  mb_module_slot equ (MB_MMAP_ADDRESS + FOREB_MMAP_MAX * mb_mmap_entry_size)
  2478                                  
  2479                                  ; ============================================================================
  2480                                  ; enter_pm_and_jump_stage3: load PM GDT, enable PE, far-jump to 32-bit, then
  2481                                  ; jump to stage3 at STAGE3_LOAD_PHYS with ESI=boot_info, EDI=multiboot_info.
  2482                                  ; Does NOT change the video mode (the chosen VBE mode / text mode is kept so
  2483                                  ; the kernel receives the framebuffer state described in multiboot_info).
  2484                                  ; ============================================================================
  2485                                  enter_pm_and_jump_stage3:
  2486 000014F4 FA                          cli
  2487 000014F5 0F0116[6815]                lgdt [gdt_pm_desc]
  2488 000014FA E492                        in   al, 0x92
  2489 000014FC 0C02                        or   al, 0x02
  2490 000014FE E692                        out  0x92, al
  2491 00001500 0F20C0                      mov  eax, cr0
  2492 00001503 6683C801                    or   eax, 1
  2493 00001507 0F22C0                      mov  cr0, eax
  2494                                      ; Far-jump to 32-bit PM. stage2 is loaded at physical 0x8000 but assembled
  2495                                      ; with ORG 0, so the flat-PM (GDT base=0) entry EIP must be the PHYSICAL
  2496                                      ; address (.pm32 + 0x8000), not the ORG-relative offset.
  2497 0000150A EA[0F95]0800                jmp  0x0008:(.pm32 + 0x8000)
  2498                                  
  2499                                  [BITS 32]
  2500                                  .pm32:
  2501 0000150F 66B81000                    mov  ax, 0x0010
  2502 00001513 8ED8                        mov  ds, ax
  2503 00001515 8EC0                        mov  es, ax
  2504 00001517 8EE0                        mov  fs, ax
  2505 00001519 8EE8                        mov  gs, ax
  2506 0000151B 8ED0                        mov  ss, ax
  2507 0000151D BC00000900                  mov  esp, 0x00090000
  2508 00001522 BE00100000                  mov  esi, BOOT_INFO_ADDRESS       ; ESI = foreboots_boot_info*
  2509 00001527 BF00180000                  mov  edi, MULTIBOOT_INFO_ADDR     ; EDI = multiboot_info_t*
  2510                                      ; ABSOLUTE jump: stage2 is assembled ORG 0 but runs at phys 0x8000, so a
  2511                                      ; near `jmp STAGE3_LOAD_PHYS` (rel32) would land 0x8000 past stage3. Load
  2512                                      ; the absolute linear address into a register and jump indirect instead.
  2513 0000152C B800500000                  mov  eax, STAGE3_LOAD_PHYS
  2514 00001531 FFE0                        jmp  eax                          ; -> stage3 entry (absolute)
  2515                                  
  2516                                  [BITS 16]
  2517                                  
  2518                                  ; Protected-mode GDT (32-bit flat code/data)
  2519 00001533 90<rep 5h>              align 8
  2520                                  gdt_pm_start:
  2521 00001538 0000000000000000            dq  0                             ; null (sel 0x00)
  2522                                      ; 32-bit flat code (sel 0x08): base 0, limit 4 GiB, G=1 D=1, access 0x9A.
  2523                                      ; NOTE: the last four fields MUST be bytes (db), not words — using dw here
  2524                                      ; produced 12-byte descriptors and misaligned selector 0x10.
  2525 00001540 FFFF0000                    dw  0xFFFF, 0x0000
  2526 00001544 009ACF00                    db  0x00, 0x9A, 0xCF, 0x00
  2527                                      ; 32-bit flat data (sel 0x10): base 0, limit 4 GiB, G=1 D=1, access 0x92.
  2528 00001548 FFFF0000                    dw  0xFFFF, 0x0000
  2529 0000154C 0092CF00                    db  0x00, 0x92, 0xCF, 0x00
  2530                                      ; 16-bit code (sel 0x18): base 0x8000, limit 64 KiB. Lets the ORG-0 draw
  2531                                      ; code run unchanged from PM; EIP = ORG-relative offset.
  2532 00001550 FFFF0080                    dw  0xFFFF, 0x8000
  2533 00001554 009A0000                    db  0x00, 0x9A, 0x00, 0x00
  2534                                      ; 16-bit data (sel 0x20): base 0x8000, limit 64 KiB. DS/ES so variable and
  2535                                      ; string accesses resolve to the same linear addresses as real mode.
  2536 00001558 FFFF0080                    dw  0xFFFF, 0x8000
  2537 0000155C 00920000                    db  0x00, 0x92, 0x00, 0x00
  2538                                      ; 16-bit data (sel 0x28): base 0x70000, limit 64 KiB. SS matches real-mode
  2539                                      ; SS=0x7000 so SP is valid across the transition (also used for real return).
  2540 00001560 FFFF0000                    dw  0xFFFF, 0x0000
  2541 00001564 07920000                    db  0x07, 0x92, 0x00, 0x00
  2542                                  gdt_pm_end:
  2543                                  gdt_pm_desc:
  2544 00001568 2F00                        dw  gdt_pm_end - gdt_pm_start - 1
  2545 0000156A [38950000]                  dd  gdt_pm_start + 0x8000
  2546                                  
  2547                                  ; ============================================================================
  2548                                  ; Data
  2549                                  ; ============================================================================
  2550 0000156E 80                      drive_number:       db 0x80
  2551 0000156F 00                      vesa_ok:            db 0
  2552 00001570 00                      unreal_ok:          db 0
  2553                                  
  2554                                  ; Streaming kernel-loader scratch (see load_kernel / stream_segment).
  2555 00001571 90<rep 3h>              align 4
  2556 00001574 00000000                k_phdr:     dd 0        ; linear addr of current program header (in HDR buf)
  2557 00001578 00000000                k_count:    dd 0        ; remaining program headers
  2558 0000157C 00000000                k_entsize:  dd 0        ; e_phentsize
  2559 00001580 00000000                ls_lba:     dd 0        ; current absolute disk LBA for the segment
  2560 00001584 00000000                ls_skip:    dd 0        ; intra-sector byte offset (first chunk only)
  2561 00001588 00000000                ls_rem:     dd 0        ; file bytes remaining to copy for this segment
  2562 0000158C 00000000                ls_filesz:  dd 0        ; segment p_filesz (for BSS size calc)
  2563 00001590 00000000                ls_memsz:   dd 0        ; segment p_memsz
  2564 00001594 00000000                ls_dest:    dd 0        ; current physical destination pointer
  2565 00001598 00000000                ls_chunk:   dd 0        ; sectors read in the current chunk
  2566 0000159C 0000                    selected_entry:     dw FOREB_DEFAULT_ENTRY
  2567 0000159E 05                      timer_secs:         db FOREB_DEFAULT_TIMEOUT
  2568 0000159F 00000000                start_ticks:        dd 0
  2569 000015A3 0000                    current_vesa_mode:  dw 0
  2570                                  
  2571 000015A5 00000A00                lfb_phys_addr:      dd 0x000A0000
  2572 000015A9 2003                    screen_width:       dw 800
  2573 000015AB 5802                    screen_height:      dw 600
  2574 000015AD 08                      screen_bpp:         db 8
  2575 000015AE 2003                    screen_pitch:       dw 800
  2576                                  
  2577 000015B0 0000                    fb_x:               dw 0
  2578 000015B2 0000                    fb_y:               dw 0
  2579 000015B4 0000                    fb_w:               dw 0
  2580 000015B6 0000                    fb_h:               dw 0
  2581 000015B8 00                      fb_c:               db 0
  2582 000015B9 0000                    recov_sel:          dw 0
  2583                                  
  2584 000015BB 0000                    dc_x:               dw 0
  2585 000015BD 0000                    dc_y:               dw 0
  2586 000015BF 00                      dc_char:            db 0
  2587 000015C0 00                      dc_color:           db 0
  2588                                  
  2589 000015C1 0000                    pm_fn:              dw 0             ; 16-bit offset of the PM draw routine
  2590 000015C3 000000000000            rp_idt:             dw 0, 0, 0       ; saved real-mode IDTR (sidt/lidt)
  2591                                  
  2592                                  ; find_vbe_mode working storage (DS=0x0800)
  2593 000015C9 0000                    fvm_w:              dw 0
  2594 000015CB 0000                    fvm_h:              dw 0
  2595 000015CD 00                      fvm_b:              db 0
  2596 000015CE 0000                    fvm_mpptr_off:      dw 0
  2597 000015D0 0000                    fvm_mpptr_seg:      dw 0
  2598                                  
  2599                                  %if 1  ; ===== VBE preference tables — disabled =====
  2600                                  ; VBE preference tables (width, height, bpp words; terminated by 0 width)
  2601                                  fb_prefs_menu:                      ; 8bpp for the GUI renderer
  2602 000015D2 200358020800                dw 800, 600, 8
  2603 000015D8 8002E0010800                dw 640, 480, 8
  2604 000015DE 0000                        dw 0
  2605                                  
  2606                                  fb_prefs_kernel:                    ; 32bpp chain for the kernel framebuffer
  2607 000015E0 800738042000                dw FOREB_DEFAULT_WIDTH, FOREB_DEFAULT_HEIGHT, FOREB_DEFAULT_BPP
  2608 000015E6 800738042000                dw 1920, 1080, 32
  2609 000015EC 0005D0022000                dw 1280, 720, 32
  2610 000015F2 000400032000                dw 1024, 768, 32
  2611 000015F8 200358022000                dw 800, 600, 32
  2612 000015FE 8002E0012000                dw 640, 480, 32
  2613 00001604 0000                        dw 0
  2614                                  %endif ; ===== end VBE prefs =====
  2615                                  
  2616                                  ; Strings
  2617 00001606 466F726542202D2046-     str_title:          db "ForeB - Forest Bootloader", 0
  2617 0000160F 6F7265737420426F6F-
  2617 00001618 746C6F6164657200   
  2618 00001620 466F72657374204F53-     str_subtitle:       db "Forest OS Boot Manager", 0
  2618 00001629 20426F6F74204D616E-
  2618 00001632 6167657200         
  2619 00001637 5B20426F6F74204D65-     str_menu_label:     db "[ Boot Menu ]", 0
  2619 00001640 6E75205D00         
  2620 00001645 5B55702F446F776E5D-     str_key_hint:       db "[Up/Down] Navigate  [Enter] Boot  [Esc] Reset", 0
  2620 0000164E 204E61766967617465-
  2620 00001657 20205B456E7465725D-
  2620 00001660 20426F6F7420205B45-
  2620 00001669 73635D205265736574-
  2620 00001672 00                 
  2621 00001673 4175746F2D626F6F74-     str_timer_pre:      db "Auto-boot in ", 0
  2621 0000167C 20696E2000         
  2622 00001681 2073656300              str_timer_suf:      db " sec", 0
  2623 00001686 4C6F6164696E672046-     str_loading:        db "Loading Forest OS kernel...", 0
  2623 0000168F 6F72657374204F5320-
  2623 00001698 6B65726E656C2E2E2E-
  2623 000016A1 00                 
  2624                                  
  2625 000016A2 5B466F7265425D2073-     str_serial_stage2:  db "[ForeB] stage2: entry (BIOS/CSM)", 0x0D, 0x0A, 0
  2625 000016AB 74616765323A20656E-
  2625 000016B4 747279202842494F53-
  2625 000016BD 2F43534D290D0A00   
  2626 000016C5 466F72654220466F72-     str_bl_name:        db "ForeB Forest Bootloader v2.0", 0
  2626 000016CE 65737420426F6F746C-
  2626 000016D7 6F616465722076322E-
  2626 000016E0 3000               
  2627 000016E2 5741524E494E473A20-     str_a20warn:        db "WARNING: A20 line could not be enabled!", 0x0D, 0x0A, 0
  2627 000016EB 413230206C696E6520-
  2627 000016F4 636F756C64206E6F74-
  2627 000016FD 20626520656E61626C-
  2627 00001706 6564210D0A00       
  2628 0000170C 4552524F523A20436F-     str_s3err:          db "ERROR: Could not load stage3!", 0x0D, 0x0A, 0
  2628 00001715 756C64206E6F74206C-
  2628 0000171E 6F6164207374616765-
  2628 00001727 33210D0A00         
  2629 0000172C 4552524F523A20436F-     str_kernerr:        db "ERROR: Could not load kernel!", 0x0D, 0x0A, 0
  2629 00001735 756C64206E6F74206C-
  2629 0000173E 6F6164206B65726E65-
  2629 00001747 6C210D0A00         
  2630 0000174C 5265626F6F74696E67-     str_rebooting:      db "Rebooting...", 0x0D, 0x0A, 0
  2630 00001755 2E2E2E0D0A00       
  2631                                  
  2632 0000175B 00                      str_cmdline_normal: db "", 0
  2633 0000175C 6E6F666200              str_cmdline_nofb:   db "nofb", 0
  2634 00001761 7361666500              str_cmdline_safe:   db "safe", 0
  2635                                  
  2636 00001766 0D0A                    str_textbanner:     db 0x0D, 0x0A
  2637 00001768 2020466F7265422046-                         db "  ForeB Forest Bootloader v2.0", 0x0D, 0x0A
  2637 00001771 6F7265737420426F6F-
  2637 0000177A 746C6F616465722076-
  2637 00001783 322E300D0A         
  2638 00001788 20203D3D3D3D3D3D3D-                         db "  ===========================", 0x0D, 0x0A, 0x0D, 0x0A
  2638 00001791 3D3D3D3D3D3D3D3D3D-
  2638 0000179A 3D3D3D3D3D3D3D3D3D-
  2638 000017A3 3D3D0D0A0D0A       
  2639 000017A9 202020202020202020-                         db "         .         .  .  .   ", 0x0D, 0x0A
  2639 000017B2 2E2020202020202020-
  2639 000017BB 202E20202E20202E20-
  2639 000017C4 20200D0A           
  2640 000017C8 202020202020202020-                         db "          @         .    .    ", 0x0D, 0x0A
  2640 000017D1 204020202020202020-
  2640 000017DA 20202E202020202E20-
  2640 000017E3 2020200D0A         
  2641 000017E8 202020202020202020-                         db "         @@@       .   .     ", 0x0D, 0x0A
  2641 000017F1 404040202020202020-
  2641 000017FA 202E2020202E202020-
  2641 00001803 20200D0A           
  2642 00001807 202020202020202040-                         db "        @@@@@    .    .  .   ", 0x0D, 0x0A
  2642 00001810 40404040202020202E-
  2642 00001819 202020202E20202E20-
  2642 00001822 20200D0A           
  2643 00001826 202020202020204040-                         db "       @@@@@@@              ", 0x0D, 0x0A
  2643 0000182F 404040404020202020-
  2643 00001838 202020202020202020-
  2643 00001841 200D0A             
  2644 00001844 202020202020202040-                         db "        @@@@@      .  .  .  ", 0x0D, 0x0A
  2644 0000184D 404040402020202020-
  2644 00001856 202E20202E20202E20-
  2644 0000185F 200D0A             
  2645 00001862 202020202020202020-                         db "         @@@                ", 0x0D, 0x0A
  2645 0000186B 404040202020202020-
  2645 00001874 202020202020202020-
  2645 0000187D 200D0A             
  2646 00001880 202020202020202020-                         db "          |     .   .   .   ", 0x0D, 0x0A
  2646 00001889 207C20202020202E20-
  2646 00001892 20202E2020202E2020-
  2646 0000189B 200D0A             
  2647 0000189E 202020202020202020-                         db "          |                  ", 0x0D, 0x0A
  2647 000018A7 207C20202020202020-
  2647 000018B0 202020202020202020-
  2647 000018B9 20200D0A           
  2648 000018BD 0D0A00                                      db 0x0D, 0x0A, 0
  2649 000018C0 0D0A                    str_textfooter:     db 0x0D, 0x0A
  2650 000018C2 20205B55702F446F77-                         db "  [Up/Down] Select  [Enter] Boot  [R] Recovery", 0x0D, 0x0A, 0
  2650 000018CB 6E5D2053656C656374-
  2650 000018D4 20205B456E7465725D-
  2650 000018DD 20426F6F7420205B52-
  2650 000018E6 5D205265636F766572-
  2650 000018EF 790D0A00           
  2651 000018F3 0D0A                    str_recoverbanner:  db 0x0D, 0x0A
  2652 000018F5 2020466F7265422052-                         db "  ForeB Recovery Menu", 0x0D, 0x0A
  2652 000018FE 65636F76657279204D-
  2652 00001907 656E750D0A         
  2653 0000190C 20203D3D3D3D3D3D3D-                         db "  ===================", 0x0D, 0x0A, 0x0D, 0x0A, 0
  2653 00001915 3D3D3D3D3D3D3D3D3D-
  2653 0000191E 3D3D3D0D0A0D0A00   
  2654 00001926 0D0A                    str_recoverfooter:  db 0x0D, 0x0A
  2655 00001928 20205B55702F446F77-                         db "  [Up/Down] Select  [Enter] Confirm  [Esc] Back", 0x0D, 0x0A, 0
  2655 00001931 6E5D2053656C656374-
  2655 0000193A 20205B456E7465725D-
  2655 00001943 20436F6E6669726D20-
  2655 0000194C 205B4573635D204261-
  2655 00001955 636B0D0A00         
  2656 0000195A 464F52425348454C4C-     str_recov_0:        db "FORBSHELL", 0
  2656 00001963 00                 
  2657 00001964 5265626F6F74207379-     str_recov_1:        db "Reboot system", 0
  2657 0000196D 7374656D00         
  2658 00001972 41626F757420466F72-     str_recov_2:        db "About ForeB", 0
  2658 0000197B 654200             
  2659 0000197E 4261636B20746F206D-     str_recov_3:        db "Back to menu", 0
  2659 00001987 656E7500           
  2660 0000198B 466F7265422076322E-     str_about:          db "ForeB v2.0 - Forest Bootloader", 0x0D, 0x0A
  2660 00001994 30202D20466F726573-
  2660 0000199D 7420426F6F746C6F61-
  2660 000019A6 6465720D0A         
  2661 000019AB 4D756C7469626F6F74-                         db "Multiboot1-compatible BIOS loader", 0x0D, 0x0A, 0x0D, 0x0A
  2661 000019B4 312D636F6D70617469-
  2661 000019BD 626C652042494F5320-
  2661 000019C6 6C6F616465720D0A0D-
  2661 000019CF 0A                 
  2662 000019D0 537461676533206174-                         db "Stage3 at 0x5000, Stage2 at 0x8000", 0x0D, 0x0A, 0
  2662 000019D9 203078353030302C20-
  2662 000019E2 537461676532206174-
  2662 000019EB 203078383030300D0A-
  2662 000019F4 00                 
  2663 000019F5 070D0A                  str_nokernel:       db 0x07, 0x0D, 0x0A
  2664 000019F8 20205741524E494E47-                         db "  WARNING: No kernel loaded!", 0x0D, 0x0A
  2664 00001A01 3A204E6F206B65726E-
  2664 00001A0A 656C206C6F61646564-
  2664 00001A13 210D0A             
  2665 00001A16 2020426F6F74207769-                         db "  Boot will fail. Press R for recovery.", 0x0D, 0x0A, 0x0D, 0x0A, 0
  2665 00001A1F 6C6C206661696C2E20-
  2665 00001A28 507265737320522066-
  2665 00001A31 6F72207265636F7665-
  2665 00001A3A 72792E0D0A0D0A00   
  2666 00001A42 20203E2000              str_arrow:          db "  > ", 0
  2667 00001A47 2020202000              str_noarrow:        db "    ", 0
  2668 00001A4C 0D0A00                  str_crlf:           db 0x0D, 0x0A, 0
  2669                                  
  2670                                  ; Boot entry labels (4 entries)
  2671 00001A4F 466F72657374204F53-     entry_label_0:      db "Forest OS (default)", 0
  2671 00001A58 202864656661756C74-
  2671 00001A61 2900               
  2672 00001A63 466F72657374204F53-     entry_label_1:      db "Forest OS (no framebuffer)", 0
  2672 00001A6C 20286E6F206672616D-
  2672 00001A75 656275666665722900 
  2673 00001A7E 466F72657374204F53-     entry_label_2:      db "Forest OS (safe mode)", 0
  2673 00001A87 202873616665206D6F-
  2673 00001A90 64652900           
  2674 00001A94 5265626F6F7400          entry_label_3:      db "Reboot", 0
  2675                                  
  2676 00001A9B 5374616E6461726420-     entry_desc_0:       db "Standard boot", 0
  2676 00001AA4 626F6F7400         
  2677 00001AA9 564741207465787420-     entry_desc_1:       db "VGA text mode, no VBE LFB", 0
  2677 00001AB2 6D6F64652C206E6F20-
  2677 00001ABB 564245204C464200   
  2678 00001AC3 4D696E696D616C2073-     entry_desc_2:       db "Minimal safe-mode boot", 0
  2678 00001ACC 6166652D6D6F646520-
  2678 00001AD5 626F6F7400         
  2679 00001ADA 526573746172742074-     entry_desc_3:       db "Restart the system", 0
  2679 00001AE3 68652073797374656D-
  2679 00001AEC 00                 
  2680                                  
  2681                                  entry_labels:
  2682 00001AED [4F1A]                      dw entry_label_0
  2683 00001AEF [631A]                      dw entry_label_1
  2684 00001AF1 [7E1A]                      dw entry_label_2
  2685 00001AF3 [941A]                      dw entry_label_3
  2686                                  
  2687                                  recov_labels:
  2688 00001AF5 [5A19]                      dw str_recov_0
  2689 00001AF7 [6419]                      dw str_recov_1
  2690 00001AF9 [7219]                      dw str_recov_2
  2691 00001AFB [7E19]                      dw str_recov_3
  2692                                  
  2693                                  entry_descs:
  2694 00001AFD [9B1A]                      dw entry_desc_0
  2695 00001AFF [A91A]                      dw entry_desc_1
  2696 00001B01 [C31A]                      dw entry_desc_2
  2697 00001B03 [DA1A]                      dw entry_desc_3
  2698                                  
  2699                                  %if 1  ; ===== VBE graphical data — disabled =====
  2700 00001B05 20202F5C5C20202020-     tree_line_top:      db "  /\\    ", 0
  2700 00001B0E 00                 
  2701 00001B0F 20202F23235C5C2020-     tree_line_f3:       db "  /##\\  ", 0
  2701 00001B18 00                 
  2702 00001B19 202F232323235C5C20-     tree_line_f2:       db " /####\\ ", 0
  2702 00001B22 00                 
  2703 00001B23 2F2323232323235C5C-     tree_line_f1:       db "/######\\", 0
  2703 00001B2C 00                 
  2704 00001B2D 20207C7C7C7C202000      tree_line_trunk:    db "  ||||  ", 0
  2705 00001B36 5E5E5E5E5E5E5E5E00      tree_line_ground:   db "^^^^^^^^", 0
  2706                                  
  2707                                  ; ============================================================================
  2708                                  ; 8x8 Bitmap Font (ASCII 32..127, 96 glyphs x 8 bytes = 768 bytes)
  2709                                  ; ============================================================================
  2710 00001B3F 90                      align 4
  2711                                  font_data:
  2712 00001B40 0000000000000000            db 0x00,0x00,0x00,0x00,0x00,0x00,0x00,0x00
  2713 00001B48 183C3C1818001800            db 0x18,0x3C,0x3C,0x18,0x18,0x00,0x18,0x00
  2714 00001B50 3636000000000000            db 0x36,0x36,0x00,0x00,0x00,0x00,0x00,0x00
  2715 00001B58 36367F367F363600            db 0x36,0x36,0x7F,0x36,0x7F,0x36,0x36,0x00
  2716 00001B60 0C3E031E301F0C00            db 0x0C,0x3E,0x03,0x1E,0x30,0x1F,0x0C,0x00
  2717 00001B68 006333180C666300            db 0x00,0x63,0x33,0x18,0x0C,0x66,0x63,0x00
  2718 00001B70 1C361C6E3B336E00            db 0x1C,0x36,0x1C,0x6E,0x3B,0x33,0x6E,0x00
  2719 00001B78 0606030000000000            db 0x06,0x06,0x03,0x00,0x00,0x00,0x00,0x00
  2720 00001B80 180C0606060C1800            db 0x18,0x0C,0x06,0x06,0x06,0x0C,0x18,0x00
  2721 00001B88 060C1818180C0600            db 0x06,0x0C,0x18,0x18,0x18,0x0C,0x06,0x00
  2722 00001B90 00663CFF3C660000            db 0x00,0x66,0x3C,0xFF,0x3C,0x66,0x00,0x00
  2723 00001B98 000C0C3F0C0C0000            db 0x00,0x0C,0x0C,0x3F,0x0C,0x0C,0x00,0x00
  2724 00001BA0 00000000000C0C06            db 0x00,0x00,0x00,0x00,0x00,0x0C,0x0C,0x06
  2725 00001BA8 0000003F00000000            db 0x00,0x00,0x00,0x3F,0x00,0x00,0x00,0x00
  2726 00001BB0 00000000000C0C00            db 0x00,0x00,0x00,0x00,0x00,0x0C,0x0C,0x00
  2727 00001BB8 6030180C06030100            db 0x60,0x30,0x18,0x0C,0x06,0x03,0x01,0x00
  2728 00001BC0 3E63737B6F673E00            db 0x3E,0x63,0x73,0x7B,0x6F,0x67,0x3E,0x00
  2729 00001BC8 0C0E0C0C0C0C3F00            db 0x0C,0x0E,0x0C,0x0C,0x0C,0x0C,0x3F,0x00
  2730 00001BD0 1E33301C06333F00            db 0x1E,0x33,0x30,0x1C,0x06,0x33,0x3F,0x00
  2731 00001BD8 1E33301C30331E00            db 0x1E,0x33,0x30,0x1C,0x30,0x33,0x1E,0x00
  2732 00001BE0 383C36337F307800            db 0x38,0x3C,0x36,0x33,0x7F,0x30,0x78,0x00
  2733 00001BE8 3F031F3030331E00            db 0x3F,0x03,0x1F,0x30,0x30,0x33,0x1E,0x00
  2734 00001BF0 1C06031F33331E00            db 0x1C,0x06,0x03,0x1F,0x33,0x33,0x1E,0x00
  2735 00001BF8 3F3330180C0C0C00            db 0x3F,0x33,0x30,0x18,0x0C,0x0C,0x0C,0x00
  2736 00001C00 1E33331E33331E00            db 0x1E,0x33,0x33,0x1E,0x33,0x33,0x1E,0x00
  2737 00001C08 1E33333E30180E00            db 0x1E,0x33,0x33,0x3E,0x30,0x18,0x0E,0x00
  2738 00001C10 000C0C00000C0C00            db 0x00,0x0C,0x0C,0x00,0x00,0x0C,0x0C,0x00
  2739 00001C18 000C0C00000C0C06            db 0x00,0x0C,0x0C,0x00,0x00,0x0C,0x0C,0x06
  2740 00001C20 180C0603060C1800            db 0x18,0x0C,0x06,0x03,0x06,0x0C,0x18,0x00
  2741 00001C28 00003F00003F0000            db 0x00,0x00,0x3F,0x00,0x00,0x3F,0x00,0x00
  2742 00001C30 060C1830180C0600            db 0x06,0x0C,0x18,0x30,0x18,0x0C,0x06,0x00
  2743 00001C38 1E3330180C000C00            db 0x1E,0x33,0x30,0x18,0x0C,0x00,0x0C,0x00
  2744 00001C40 3E637B7B7B031E00            db 0x3E,0x63,0x7B,0x7B,0x7B,0x03,0x1E,0x00
  2745 00001C48 0C1E33333F333300            db 0x0C,0x1E,0x33,0x33,0x3F,0x33,0x33,0x00
  2746 00001C50 3F66663E66663F00            db 0x3F,0x66,0x66,0x3E,0x66,0x66,0x3F,0x00
  2747 00001C58 3C66030303663C00            db 0x3C,0x66,0x03,0x03,0x03,0x66,0x3C,0x00
  2748 00001C60 1F36666666361F00            db 0x1F,0x36,0x66,0x66,0x66,0x36,0x1F,0x00
  2749 00001C68 7F46161E16467F00            db 0x7F,0x46,0x16,0x1E,0x16,0x46,0x7F,0x00
  2750 00001C70 7F46161E16060F00            db 0x7F,0x46,0x16,0x1E,0x16,0x06,0x0F,0x00
  2751 00001C78 3C66030373667C00            db 0x3C,0x66,0x03,0x03,0x73,0x66,0x7C,0x00
  2752 00001C80 3333333F33333300            db 0x33,0x33,0x33,0x3F,0x33,0x33,0x33,0x00
  2753 00001C88 1E0C0C0C0C0C1E00            db 0x1E,0x0C,0x0C,0x0C,0x0C,0x0C,0x1E,0x00
  2754 00001C90 7830303033331E00            db 0x78,0x30,0x30,0x30,0x33,0x33,0x1E,0x00
  2755 00001C98 6766361E36666700            db 0x67,0x66,0x36,0x1E,0x36,0x66,0x67,0x00
  2756 00001CA0 0F06060646667F00            db 0x0F,0x06,0x06,0x06,0x46,0x66,0x7F,0x00
  2757 00001CA8 63777F7F6B636300            db 0x63,0x77,0x7F,0x7F,0x6B,0x63,0x63,0x00
  2758 00001CB0 63676F7B73636300            db 0x63,0x67,0x6F,0x7B,0x73,0x63,0x63,0x00
  2759 00001CB8 1C36636363361C00            db 0x1C,0x36,0x63,0x63,0x63,0x36,0x1C,0x00
  2760 00001CC0 3F66663E06060F00            db 0x3F,0x66,0x66,0x3E,0x06,0x06,0x0F,0x00
  2761 00001CC8 1E3333333B1E3800            db 0x1E,0x33,0x33,0x33,0x3B,0x1E,0x38,0x00
  2762 00001CD0 3F66663E36666700            db 0x3F,0x66,0x66,0x3E,0x36,0x66,0x67,0x00
  2763 00001CD8 1E33070E38331E00            db 0x1E,0x33,0x07,0x0E,0x38,0x33,0x1E,0x00
  2764 00001CE0 3F2D0C0C0C0C1E00            db 0x3F,0x2D,0x0C,0x0C,0x0C,0x0C,0x1E,0x00
  2765 00001CE8 3333333333333F00            db 0x33,0x33,0x33,0x33,0x33,0x33,0x3F,0x00
  2766 00001CF0 33333333331E0C00            db 0x33,0x33,0x33,0x33,0x33,0x1E,0x0C,0x00
  2767 00001CF8 6363636B7F776300            db 0x63,0x63,0x63,0x6B,0x7F,0x77,0x63,0x00
  2768 00001D00 6363361C1C366300            db 0x63,0x63,0x36,0x1C,0x1C,0x36,0x63,0x00
  2769 00001D08 3333331E0C0C1E00            db 0x33,0x33,0x33,0x1E,0x0C,0x0C,0x1E,0x00
  2770 00001D10 7F6331184C667F00            db 0x7F,0x63,0x31,0x18,0x4C,0x66,0x7F,0x00
  2771 00001D18 1E06060606061E00            db 0x1E,0x06,0x06,0x06,0x06,0x06,0x1E,0x00
  2772 00001D20 03060C1830604000            db 0x03,0x06,0x0C,0x18,0x30,0x60,0x40,0x00
  2773 00001D28 1E18181818181E00            db 0x1E,0x18,0x18,0x18,0x18,0x18,0x1E,0x00
  2774 00001D30 081C366300000000            db 0x08,0x1C,0x36,0x63,0x00,0x00,0x00,0x00
  2775 00001D38 00000000000000FF            db 0x00,0x00,0x00,0x00,0x00,0x00,0x00,0xFF
  2776 00001D40 0C0C180000000000            db 0x0C,0x0C,0x18,0x00,0x00,0x00,0x00,0x00
  2777 00001D48 00001E303E336E00            db 0x00,0x00,0x1E,0x30,0x3E,0x33,0x6E,0x00
  2778 00001D50 0706063E66663B00            db 0x07,0x06,0x06,0x3E,0x66,0x66,0x3B,0x00
  2779 00001D58 00001E3303331E00            db 0x00,0x00,0x1E,0x33,0x03,0x33,0x1E,0x00
  2780 00001D60 3830303E33336E00            db 0x38,0x30,0x30,0x3E,0x33,0x33,0x6E,0x00
  2781 00001D68 00001E333F031E00            db 0x00,0x00,0x1E,0x33,0x3F,0x03,0x1E,0x00
  2782 00001D70 1C36060F06060F00            db 0x1C,0x36,0x06,0x0F,0x06,0x06,0x0F,0x00
  2783 00001D78 00006E33333E301F            db 0x00,0x00,0x6E,0x33,0x33,0x3E,0x30,0x1F
  2784 00001D80 0706366E66666700            db 0x07,0x06,0x36,0x6E,0x66,0x66,0x67,0x00
  2785 00001D88 0C000E0C0C0C1E00            db 0x0C,0x00,0x0E,0x0C,0x0C,0x0C,0x1E,0x00
  2786 00001D90 300030303033331E            db 0x30,0x00,0x30,0x30,0x30,0x33,0x33,0x1E
  2787 00001D98 070666361E366700            db 0x07,0x06,0x66,0x36,0x1E,0x36,0x67,0x00
  2788 00001DA0 0E0C0C0C0C0C1E00            db 0x0E,0x0C,0x0C,0x0C,0x0C,0x0C,0x1E,0x00
  2789 00001DA8 0000337F7F6B6300            db 0x00,0x00,0x33,0x7F,0x7F,0x6B,0x63,0x00
  2790 00001DB0 00001F3333333300            db 0x00,0x00,0x1F,0x33,0x33,0x33,0x33,0x00
  2791 00001DB8 00001E3333331E00            db 0x00,0x00,0x1E,0x33,0x33,0x33,0x1E,0x00
  2792 00001DC0 00003B66663E060F            db 0x00,0x00,0x3B,0x66,0x66,0x3E,0x06,0x0F
  2793 00001DC8 00006E33333E3078            db 0x00,0x00,0x6E,0x33,0x33,0x3E,0x30,0x78
  2794 00001DD0 00003B6E66060F00            db 0x00,0x00,0x3B,0x6E,0x66,0x06,0x0F,0x00
  2795 00001DD8 00001E031E301F00            db 0x00,0x00,0x1E,0x03,0x1E,0x30,0x1F,0x00
  2796 00001DE0 080C3E0C0C2C1800            db 0x08,0x0C,0x3E,0x0C,0x0C,0x2C,0x18,0x00
  2797 00001DE8 0000333333336E00            db 0x00,0x00,0x33,0x33,0x33,0x33,0x6E,0x00
  2798 00001DF0 00003333331E0C00            db 0x00,0x00,0x33,0x33,0x33,0x1E,0x0C,0x00
  2799 00001DF8 0000636B7F7F3600            db 0x00,0x00,0x63,0x6B,0x7F,0x7F,0x36,0x00
  2800 00001E00 000063361C366300            db 0x00,0x00,0x63,0x36,0x1C,0x36,0x63,0x00
  2801 00001E08 00003333333E301F            db 0x00,0x00,0x33,0x33,0x33,0x3E,0x30,0x1F
  2802 00001E10 00003F190C263F00            db 0x00,0x00,0x3F,0x19,0x0C,0x26,0x3F,0x00
  2803 00001E18 380C0C070C0C3800            db 0x38,0x0C,0x0C,0x07,0x0C,0x0C,0x38,0x00
  2804 00001E20 1818180018181800            db 0x18,0x18,0x18,0x00,0x18,0x18,0x18,0x00
  2805 00001E28 070C0C380C0C0700            db 0x07,0x0C,0x0C,0x38,0x0C,0x0C,0x07,0x00
  2806 00001E30 6E3B000000000000            db 0x6E,0x3B,0x00,0x00,0x00,0x00,0x00,0x00
  2807 00001E38 FF81BDA5BD81FF00            db 0xFF,0x81,0xBD,0xA5,0xBD,0x81,0xFF,0x00
  2808                                  %endif ; ===== end disabled VBE data =====
  2809                                  
  2810                                  ; ============================================================================
  2811                                  ; Stage 2 end marker and size assertion
  2812                                  ; ============================================================================
  2813                                  stage2_end:
  2814                                  
  2815                                  %if (stage2_end - stage2_start) > (STAGE2_SECTOR_COUNT * 512)
  2816                                      %error "stage2.asm exceeds maximum size!"
  2817                                  %endif
  2818                                  
  2819 00001E40 00<rep 1C0h>            times (STAGE2_SECTOR_COUNT * 512) - (stage2_end - stage2_start) db 0
